# -*- coding: utf-8 -*-

# Resource object code
#
# Created by: The Resource Compiler for PyQt5 (Qt v5.15.10)
#
# WARNING! All changes made in this file will be lost!

from PyQt5 import QtCore

qt_resource_data = b"\
\x00\x00\x09\xf6\
\x00\
\x00\x01\x00\x02\x00\x10\x10\x00\x00\x01\x00\x08\x00\x68\x05\x00\
\x00\x26\x00\x00\x00\x10\x10\x00\x00\x01\x00\x20\x00\x68\x04\x00\
\x00\x8e\x05\x00\x00\x28\x00\x00\x00\x10\x00\x00\x00\x20\x00\x00\
\x00\x01\x00\x08\x00\x00\x00\x00\x00\x40\x01\x00\x00\x00\x00\x00\
\x00\x00\x00\x00\x00\x00\x01\x00\x00\x00\x00\x00\x00\x00\x00\x00\
\x00\x00\x00\x00\x00\xe5\x9c\x1c\x00\xe5\xa9\x42\x00\xe2\xad\x5c\
\x00\x00\x00\x00\x00\xd4\xd2\xd1\x00\x00\x00\x00\x00\xae\xab\xb5\
\x00\xc1\xbe\xc7\x00\x7c\x71\x76\x00\x00\x00\x00\x00\xd3\xd1\xd0\
\x00\xf1\xf1\xf0\x00\x00\x00\x00\x00\x00\x00\x00\x00\xe5\xe4\xe3\
\x00\xac\x5a\x17\x00\xc4\x7d\x33\x00\xcc\x8b\x3b\x00\xec\xbb\x5c\
\x00\xd4\xd3\xd5\x00\xf1\xca\x75\x00\xf2\xcd\x79\x00\xbc\x72\x28\
\x00\xea\xbe\x6b\x00\x00\x00\x00\x00\xf0\xc5\x6c\x00\x00\x00\x00\
\x00\xf4\xd2\x7d\x00\x00\x00\x00\x00\xe5\xe3\xe2\x00\xf5\xd4\x80\
\x00\x00\x00\x00\x00\xde\xde\xdc\x00\x00\x00\x00\x00\xdd\xdc\xdb\
\x00\x00\x00\x00\x00\x00\x00\x00\x00\x00\x00\x00\x00\x00\x00\x00\
\x00\x9d\x9a\xa1\x00\xe0\xa9\x50\x00\x90\x8f\x9c\x00\xf8\xd9\x8c\
\x00\xf6\xd9\x8d\x00\xba\xb7\xba\x00\xce\x89\x34\x00\xe0\xdf\xdd\
\x00\x86\x76\x7e\x00\x00\x00\x00\x00\x63\x56\x5e\x00\xe4\x9a\x15\
\x00\x00\x00\x00\x00\x00\x00\x00\x00\x00\x00\x00\x00\x6d\x5e\x65\
\x00\xf4\xf5\xf3\x00\x00\x00\x00\x00\x00\x00\x00\x00\xe3\xe2\xe1\
\x00\xe7\xa2\x2b\x00\xbb\x6c\x21\x00\x00\x00\x00\x00\xb3\xa9\xab\
\x00\x00\x00\x00\x00\x54\x47\x4d\x00\x00\x00\x00\x00\xf0\xf0\xef\
\x00\xaf\xa4\xa6\x00\xec\xb2\x44\x00\xdb\xd9\xd9\x00\xd7\xd6\xd7\
\x00\xe9\xab\x39\x00\xe7\xa7\x32\x00\xb8\xb5\xbf\x00\x3b\x31\x38\
\x00\xee\xb5\x49\x00\xa2\x9e\xab\x00\xeb\xae\x3e\x00\x00\x00\x00\
\x00\x00\x00\x00\x00\xe1\xe0\xdf\x00\x00\x00\x00\x00\xed\xed\xec\
\x00\xd8\xd6\xd5\x00\xaf\x61\x1c\x00\xf0\xc7\x71\x00\xf4\xce\x7d\
\x00\xe7\xbb\x69\x00\xb8\x92\x69\x00\x00\x00\x00\x00\x97\x7b\x67\
\x00\xe5\x9e\x25\x00\x00\x00\x00\x00\x00\x00\x00\x00\x00\x00\x00\
\x00\x00\x00\x00\x00\x00\x00\x00\x00\x00\x00\x00\x00\x00\x00\x00\
\x00\x00\x00\x00\x00\x00\x00\x00\x00\x00\x00\x00\x00\x00\x00\x00\
\x00\x00\x00\x00\x00\x00\x00\x00\x00\x00\x00\x00\x00\x00\x00\x00\
\x00\x00\x00\x00\x00\x00\x00\x00\x00\x00\x00\x00\x00\x00\x00\x00\
\x00\x00\x00\x00\x00\x00\x00\x00\x00\x00\x00\x00\x00\x00\x00\x00\
\x00\x00\x00\x00\x00\x00\x00\x00\x00\x00\x00\x00\x00\xbe\x77\x2f\
\x00\x00\x00\x00\x00\x00\x00\x00\x00\x00\x00\x00\x00\xdc\x9f\x42\
\x00\x00\x00\x00\x00\x00\x00\x00\x00\x00\x00\x00\x00\x00\x00\x00\
\x00\x00\x00\x00\x00\x00\x00\x00\x00\x00\x00\x00\x00\x00\x00\x00\
\x00\x00\x00\x00\x00\xd4\x93\x3a\x00\x00\x00\x00\x00\x00\x00\x00\
\x00\xd8\xd9\xda\x00\x00\x00\x00\x00\x00\x00\x00\x00\x00\x00\x00\
\x00\xa3\x80\x52\x00\x00\x00\x00\x00\x00\x00\x00\x00\x00\x00\x00\
\x00\x00\x00\x00\x00\x00\x00\x00\x00\x00\x00\x00\x00\xce\xcb\xd3\
\x00\x9a\x89\x8e\x00\x00\x00\x00\x00\x5f\x55\x5b\x00\x00\x00\x00\
\x00\xea\xb6\x5d\x00\xff\xda\x82\x00\x00\x00\x00\x00\xd0\xcd\xce\
\x00\xd6\x9a\x47\x00\x00\x00\x00\x00\xc8\xc5\xcd\x00\x00\x00\x00\
\x00\x7d\x6f\x73\x00\x4d\x41\x48\x00\xd9\xd8\xd7\x00\xf0\xbf\x5c\
\x00\x00\x00\x00\x00\x00\x00\x00\x00\x00\x00\x00\x00\x00\x00\x00\
\x00\xc9\x85\x39\x00\xfb\xd5\x80\x00\x00\x00\x00\x00\x00\x00\x00\
\x00\xe8\xb5\x55\x00\xd7\xd7\xd8\x00\x83\x69\x4a\x00\x9f\x7e\x54\
\x00\x00\x00\x00\x00\xa0\x9e\xa5\x00\xdc\xda\xda\x00\x00\x00\x00\
\x00\x00\x00\x00\x00\xc3\xc0\xcb\x00\x00\x00\x00\x00\x97\x87\x8b\
\x00\x00\x00\x00\x00\xb6\x68\x1c\x00\x00\x00\x00\x00\x00\x00\x00\
\x00\x00\x00\x00\x00\xe4\xaf\x54\x00\xba\xb8\xbc\x00\xc0\x73\x27\
\x00\x00\x00\x00\x00\xc8\x7d\x2e\x00\x00\x00\x00\x00\x00\x00\x00\
\x00\x00\x00\x00\x00\x00\x00\x00\x00\x00\x00\x00\x00\x00\x00\x00\
\x00\xdf\xa1\x44\x00\x00\x00\x00\x00\xee\xba\x50\x00\x00\x00\x00\
\x00\xef\xbc\x56\x00\xc6\x7b\x2c\x00\xf5\xd5\x84\x00\xef\xc3\x67\
\x00\x00\x00\x00\x00\x00\x00\x00\x00\xd8\xd5\xd6\x00\xd8\xd7\xd6\
\x00\x00\x00\x00\x00\x00\x00\x00\x00\xd8\xd8\xd9\x00\xd9\x9d\x49\
\x00\xdb\xda\xd8\x00\xe6\xb3\x59\x00\xd8\x97\x3c\x00\x00\x00\x00\
\x00\xd7\xd4\xd4\x00\x00\x00\x00\x00\x00\x00\x00\x00\xbc\xb9\xc4\
\x00\x00\x00\x00\x00\x00\x00\x00\x00\x00\x00\x00\x00\x00\x00\x00\
\x00\xcb\xc8\xd0\x00\x00\x00\x00\x00\xcc\xca\xd4\x00\xe2\xe1\xdf\
\x00\x96\x94\x9c\x00\x00\x00\x00\x00\xdc\xb8\x71\x00\xd0\x90\x40\
\x00\xd2\x94\x42\x00\x00\x00\x00\x00\x00\x00\x00\x00\x00\x00\x00\
\x00\xbe\x70\x26\x00\x00\x00\x00\x00\xf0\xc1\x63\x00\x00\x00\x00\
\x00\x00\x00\x00\x00\x00\x00\x00\x00\x00\x00\x00\x00\x97\x7b\x65\
\x00\x00\x00\x00\x00\xb0\x6b\x2a\x00\xfe\xff\xff\x00\xf8\xf7\xf7\
\x00\xe7\xe8\xe6\x00\x00\x00\x00\x00\xff\xff\xff\x00\x56\x11\x56\
\xfa\xfa\xfa\xfa\xfa\xfa\xfa\xfa\xfa\xfa\x56\x11\x11\x18\x34\x15\
\xd9\x24\x22\x30\x52\xe8\x3c\x1f\x1f\x52\x15\x02\xba\x78\x02\x15\
\x45\x95\x31\x0a\x38\x33\x42\xa2\x4c\x97\x15\x5d\x3e\x12\x3d\x15\
\xb3\xa3\xd4\xd3\xdd\x06\x0c\x0c\x9c\x06\x15\x4a\xf1\x12\x4a\x15\
\x40\xb8\x31\xa1\x38\x97\x42\xa2\x4c\x97\x15\x49\xc0\xa9\x4f\x15\
\xfc\xfc\xfc\xfc\xfc\xfc\xfc\xfc\xfc\xfc\x15\x46\xce\x13\x46\x15\
\x40\xb8\x31\xa1\x38\x97\x42\xa2\x4c\x97\x15\x4d\xc2\xec\xcb\x15\
\xfb\xfb\xfb\xfb\xfb\xfb\xfb\xfb\xfb\xfb\x15\xcd\x2f\xed\xa4\x5a\
\x5c\xf8\xf8\xf8\xf8\xf8\xf8\xf8\xf8\x5c\x5a\xf3\x2f\x9d\xd0\x1b\
\x4e\xd7\x15\x15\x15\x15\x48\xae\x89\x4e\x1b\x1b\x86\xd8\x1b\x57\
\x08\x47\x55\x55\x55\x55\x2e\xbf\x0c\x08\x57\x57\xdb\x2a\x16\x17\
\x4b\x1f\x52\x52\x52\x52\x8d\x9a\x2b\x09\x17\x17\x7c\x2a\x17\x58\
\xe0\xfd\x10\x10\x10\x10\xb0\xaa\xe9\xb6\x58\x58\xc9\xbe\x1d\xcf\
\x9f\x44\x54\x54\x54\x54\xaf\xeb\x29\xe7\xcf\x2c\x04\xda\x2d\x20\
\xe5\x39\x0d\x0d\x0d\x0d\x29\xb2\x15\x94\x2c\xad\x00\x03\x14\x14\
\x59\x59\x19\x19\x19\x19\x19\x19\x59\x04\x99\x00\x00\x00\x00\x00\
\x00\x00\x00\x00\x00\x00\x00\x00\x00\x00\x00\x00\x00\x00\x00\x00\
\x00\x00\x00\x00\x00\x00\x00\x00\x00\x00\x00\x00\x00\x00\x00\x00\
\x00\x00\x00\x00\x00\x00\x00\x00\x00\x00\x00\x00\x00\x00\x00\x00\
\x00\x00\x00\x00\x00\x00\x01\x00\x00\x00\x03\x00\x00\x28\x00\x00\
\x00\x10\x00\x00\x00\x20\x00\x00\x00\x01\x00\x20\x00\x00\x00\x00\
\x00\x40\x04\x00\x00\x00\x00\x00\x00\x00\x00\x00\x00\x00\x00\x00\
\x00\x00\x00\x00\x00\xc1\x76\x1b\xff\xc2\x75\x19\xff\xbd\x6b\x13\
\xff\xb9\x65\x04\xff\xb9\x65\x04\xff\xb9\x65\x04\xff\xba\x65\x04\
\xff\xba\x65\x04\xff\xba\x65\x04\xff\xba\x65\x04\xff\xba\x65\x04\
\xff\xba\x65\x04\xff\xba\x65\x04\xff\xbc\x69\x0a\xff\xb9\x6a\x15\
\xff\xc3\x79\x1f\xff\xd5\x93\x3d\xff\xef\xb7\x36\xff\xcd\xc6\xc0\
\xff\xe9\xf8\xff\xff\xdb\xe5\xf6\xff\xdb\xe8\xf8\xff\xdb\xe8\xf8\
\xff\xdb\xe8\xf9\xff\xdb\xe8\xf8\xff\xda\xe7\xf8\xff\xdb\xe7\xf8\
\xff\xd8\xe4\xf5\xff\xe9\xf6\xff\xff\xcd\xc6\xc0\xff\xea\xa7\x14\
\xff\xc0\x76\x1d\xff\xcd\x95\x51\xff\xe8\xae\x3c\xff\xdc\xd7\xd4\
\xff\xec\xe8\xe9\xff\xad\xa0\xa2\xff\xa7\x9b\x9e\xff\x9e\x93\x95\
\xff\x94\x89\x8c\xff\x8a\x81\x85\xff\x83\x79\x7c\xff\x7b\x72\x76\
\xff\x68\x5f\x64\xff\xec\xe8\xe9\xff\xdc\xd7\xd4\xff\xe5\x9e\x20\
\xff\xc7\x7b\x25\xff\xd0\x96\x53\xff\xea\xb4\x47\xff\xdc\xd7\xd4\
\xff\xef\xf0\xef\xff\xdf\xde\xdc\xff\xe1\xe0\xdf\xff\xe0\xdf\xde\
\xff\xdf\xe0\xdd\xff\xe0\xdf\xdd\xff\xdf\xde\xdd\xff\xdf\xe0\xde\
\xff\xdb\xd9\xd9\xff\xed\xed\xed\xff\xdc\xd7\xd4\xff\xe7\xa6\x2b\
\xff\xc9\x80\x2b\xff\xd4\x9b\x58\xff\xeb\xb9\x50\xff\xdc\xd7\xd4\
\xff\xec\xe8\xe9\xff\xa9\x9d\x9f\xff\xa4\x99\x9e\xff\x9a\x91\x94\
\xff\x92\x88\x8b\xff\x89\x7f\x85\xff\x82\x79\x7c\xff\x7a\x71\x77\
\xff\x65\x5c\x62\xff\xec\xe8\xe9\xff\xdc\xd7\xd4\xff\xe8\xac\x37\
\xff\xcc\x85\x31\xff\xd6\x9e\x5b\xff\xed\xbd\x5a\xff\xdc\xd7\xd4\
\xff\xff\xff\xff\xff\xff\xfe\xfe\xff\xff\xff\xff\xff\xff\xff\xff\
\xff\xff\xff\xff\xff\xff\xff\xff\xff\xff\xff\xff\xff\xff\xff\xff\
\xff\xff\xff\xff\xff\xff\xff\xff\xff\xdc\xd7\xd4\xff\xea\xb3\x40\
\xff\xd0\x8b\x34\xff\xd9\xa4\x5e\xff\xf0\xc2\x63\xff\xdc\xd7\xd4\
\xff\xec\xe8\xe9\xff\xa9\x9d\x9f\xff\xa4\x99\x9e\xff\x9a\x91\x94\
\xff\x92\x88\x8b\xff\x89\x7f\x85\xff\x82\x79\x7c\xff\x7a\x71\x77\
\xff\x65\x5c\x62\xff\xec\xe8\xe9\xff\xdc\xd7\xd4\xff\xed\xb7\x49\
\xff\xd2\x90\x3a\xff\xd8\xa3\x5c\xff\xf0\xc6\x6d\xff\xdc\xd7\xd4\
\xff\xff\xff\xff\xff\xff\xff\xff\xff\xff\xff\xff\xff\xff\xff\xff\
\xff\xff\xff\xff\xff\xff\xff\xff\xff\xff\xff\xff\xff\xff\xff\xff\
\xff\xff\xff\xff\xff\xff\xff\xff\xff\xdc\xd7\xd4\xff\xee\xbd\x54\
\xff\xd7\x96\x3e\xff\xde\xac\x69\xff\xf9\xd2\x81\xff\xc1\x97\x5c\
\xff\x9a\x7b\x60\xff\x95\x77\x5e\xff\x97\x79\x5d\xff\x97\x79\x5d\
\xff\x97\x79\x5d\xff\x97\x79\x5d\xff\x97\x79\x5c\xff\x97\x79\x5c\
\xff\x95\x77\x5e\xff\x9a\x7a\x5e\xff\xc1\x9a\x64\xff\xf7\xca\x6b\
\xff\xd9\x9b\x44\xff\xdd\xab\x67\xff\xf6\xd5\x8b\xff\xff\xd0\x56\
\xff\xc0\xa8\x87\xff\xc8\xc5\xc9\xff\xce\xc6\xbf\xff\xcd\xc6\xc0\
\xff\xcd\xc6\xc0\xff\xcd\xc6\xbf\xff\xd6\xd0\xca\xff\xd6\xd3\xd0\
\xff\xcf\xce\xd4\xff\xc0\xa8\x88\xff\xff\xd2\x5d\xff\xf3\xcc\x75\
\xff\xdc\xa1\x48\xff\xdc\xa9\x66\xff\xf6\xd9\x93\xff\xfb\xc8\x5d\
\xff\xc2\xb4\xa2\xff\xd7\xde\xeb\xff\xdd\xdd\xdd\xff\xdc\xdd\xde\
\xff\xdc\xdb\xdd\xff\xe7\xe8\xea\xff\xc8\xba\xa7\xff\xa2\x96\x92\
\xff\xc2\xb4\xa2\xff\xc6\xbc\xa9\xff\xfb\xcb\x63\xff\xf3\xd0\x7e\
\xff\xe0\xa7\x4c\xff\xe5\xb9\x73\xff\xf6\xda\x97\xff\xfb\xcc\x62\
\xff\xc8\xba\xa7\xff\xdd\xe0\xe9\xff\xe1\xdf\xdd\xff\xe0\xdf\xde\
\xff\xdf\xdd\xdc\xff\xef\xf3\xf9\xff\x9f\x88\x6f\xff\xe5\xaf\x47\
\xff\x9e\x91\x89\xff\xc7\xbd\xb2\xff\xfd\xcf\x6a\xff\xf5\xd4\x84\
\xff\xe3\xac\x51\xff\xe9\xbc\x75\xff\xf8\xdd\x9e\xff\xfd\xcf\x69\
\xff\xce\xc0\xaf\xff\xe3\xe7\xef\xff\xe7\xe5\xe3\xff\xe6\xe5\xe4\
\xff\xe5\xe4\xe2\xff\xf1\xf6\xff\xff\xba\xa3\x86\xff\xff\xe8\x73\
\xff\xb5\xab\x9e\xff\xca\xc0\xb8\xff\xff\xd2\x6e\xff\xf9\xda\x8e\
\xff\xe7\xb2\x5b\xff\xea\xc0\x79\xff\xf8\xe0\x9b\xff\xfb\xd1\x65\
\xff\xd3\xc4\xaf\xff\xea\xee\xf6\xff\xec\xeb\xe8\xff\xec\xeb\xe9\
\xff\xeb\xe9\xe6\xff\xfb\xff\xff\xff\xa2\x8e\x78\xff\xde\xaf\x4f\
\xff\xa8\x9c\x95\xff\xd1\xc7\xb9\xff\xff\xda\x78\xff\xf5\xd8\x89\
\xff\xe2\xa4\x42\xff\xec\xc4\x7e\xff\xfe\xf4\xd5\xff\xff\xe2\x90\
\xff\xdc\xd7\xd4\xff\xf5\xff\xff\xff\xf6\xfe\xff\xff\xf6\xfe\xff\
\xff\xf6\xfd\xff\xff\xff\xff\xff\xff\xdf\xdd\xdc\xff\xc8\xba\xa7\
\xff\xdf\xdd\xdc\xff\xe5\xe4\xe2\xff\xff\xde\x88\xff\xe4\xaa\x45\
\xff\xdd\x97\x34\x19\xec\xc6\x81\xff\xf0\xca\x82\xff\xf4\xca\x7d\
\xff\xe8\xc7\x88\xff\xef\xcf\x94\xff\xee\xd1\x92\xf1\xed\xcf\x92\
\xff\xee\xd0\x92\xff\xee\xd0\x93\xff\xf2\xd3\x96\xff\xf7\xd7\x9b\
\xff\xf6\xd6\x9b\xff\xe6\xc4\x8a\xff\xeb\xb5\x52\xff\xe1\x9e\x35\
\x11\x00\x00\x00\x00\x00\x00\x00\x00\x00\x00\x00\x00\x00\x00\x00\
\x00\x00\x00\x00\x00\x00\x00\x00\x00\x00\x00\x00\x00\x00\x00\x00\
\x00\x00\x00\x00\x00\x00\x00\x00\x00\x00\x00\x00\x00\x00\x00\x00\
\x00\x00\x00\x00\x00\x00\x00\x00\x00\x00\x00\x00\x00\x00\x00\x00\
\x00\x00\x01\x00\x00\
\x00\x00\x09\xf6\
\x00\
\x00\x01\x00\x02\x00\x10\x10\x00\x00\x01\x00\x08\x00\x68\x05\x00\
\x00\x26\x00\x00\x00\x10\x10\x00\x00\x01\x00\x20\x00\x68\x04\x00\
\x00\x8e\x05\x00\x00\x28\x00\x00\x00\x10\x00\x00\x00\x20\x00\x00\
\x00\x01\x00\x08\x00\x00\x00\x00\x00\x40\x01\x00\x00\x00\x00\x00\
\x00\x00\x00\x00\x00\x00\x01\x00\x00\x00\x00\x00\x00\x00\x00\x00\
\x00\x5a\xc9\xfc\x00\x36\xa3\xfa\x00\x1d\x6d\xcc\x00\x00\x00\x00\
\x00\x3e\xad\xfb\x00\x00\x00\x00\x00\x2b\x91\xf6\x00\x00\x00\x00\
\x00\x6a\xd5\xfc\x00\x12\x5c\xbd\x00\xff\xea\xb5\x00\x06\x06\x06\
\x00\x15\x69\xd3\x00\x6e\xd9\xfd\x00\x61\xce\xfc\x00\xe4\xb4\x53\
\x00\x2b\x8f\xf4\x00\x00\x00\x00\x00\x2b\x8c\xf1\x00\x42\xb1\xfa\
\x00\xdc\xa4\x39\x00\x00\x00\x00\x00\x47\xb6\xf3\x00\x72\xde\xfd\
\x00\x2c\x94\xf9\x00\x26\x81\xe6\x00\xb0\x87\x36\x00\x00\x00\x00\
\x00\x47\xb6\xfa\x00\x22\x7d\xe7\x00\x00\x00\x00\x00\x55\xc5\xfb\
\x00\x29\x8b\xf0\x00\x25\x27\x2a\x00\x62\x44\x22\x00\x28\x86\xeb\
\x00\x00\x00\x00\x00\x18\x78\xe5\x00\xff\xef\xbd\x00\x2a\x8d\xf2\
\x00\x74\xdd\xfb\x00\x29\x8a\xee\x00\x29\x88\xec\x00\xd1\xcf\xcd\
\x00\x28\x87\xec\x00\x5f\xcc\xfd\x00\x4c\xbb\xfa\x00\x19\x65\xca\
\x00\x00\x00\x00\x00\xd3\xd1\xd1\x00\x29\x85\xea\x00\x28\x84\xe9\
\x00\x00\x00\x00\x00\x1f\x7b\xe5\x00\x2f\x7a\xc9\x00\x30\x9b\xfa\
\x00\x00\x00\x00\x00\x1f\x7d\xea\x00\x00\x00\x00\x00\x5a\x39\x17\
\x00\x29\x8d\xf5\x00\x00\x00\x00\x00\x00\x00\x00\x00\x00\x00\x00\
\x00\x1b\x7c\xee\x00\x00\x00\x00\x00\x2b\x90\xf5\x00\x27\x84\xe8\
\x00\xa9\xb7\xc4\x00\xed\xb8\x55\x00\x00\x00\x00\x00\x00\x00\x00\
\x00\x00\x00\x00\x00\x00\x00\x00\x00\x00\x00\x00\x00\x9e\x91\x7d\
\x00\x00\x00\x00\x00\x00\x00\x00\x00\xd8\xcc\xb7\x00\x00\x00\x00\
\x00\x00\x00\x00\x00\x00\x00\x00\x00\x00\x00\x00\x00\x1c\x7a\xe5\
\x00\x00\x00\x00\x00\xf9\xdf\xae\x00\x8b\x60\x2a\x00\x00\x00\x00\
\x00\x00\x00\x00\x00\x00\x00\x00\x00\x72\xd7\xfb\x00\x33\x9f\xf7\
\x00\xe3\xb0\x49\x00\x00\x00\x00\x00\x00\x00\x00\x00\x00\x00\x00\
\x00\x00\x00\x00\x00\x00\x00\x00\x00\x00\x00\x00\x00\xfd\xe7\xb9\
\x00\x00\x00\x00\x00\x76\x81\x78\x00\x00\x00\x00\x00\x93\x94\x99\
\x00\x3a\xa6\xf7\x00\x5c\x7d\x93\x00\xd5\xc9\xb2\x00\x00\x00\x00\
\x00\x00\x00\x00\x00\x00\x00\x00\x00\x00\x00\x00\x00\x00\x00\x00\
\x00\xff\xe9\xbc\x00\x00\x00\x00\x00\xe4\xbd\x72\x00\x81\xb4\xdd\
\x00\xdb\x97\x23\x00\x00\x00\x00\x00\xf6\xe3\xc3\x00\xe0\xa8\x44\
\x00\xf4\xe0\xb3\x00\x00\x00\x00\x00\x00\x00\x00\x00\xe4\xeb\xf3\
\x00\x2c\x92\xf5\x00\x44\x85\xc6\x00\x00\x00\x00\x00\x0c\x55\xbb\
\x00\x1c\x79\xe5\x00\x2b\x94\xf9\x00\x11\x65\xce\x00\xff\xff\xf4\
\x00\x00\x00\x00\x00\x00\x00\x00\x00\x51\xbf\xfa\x00\x00\x00\x00\
\x00\x00\x00\x00\x00\x00\x00\x00\x00\x2e\x97\xf5\x00\x73\xdc\xfb\
\x00\xc5\xc6\xc9\x00\x00\x00\x00\x00\xc3\xaf\x8c\x00\xdc\xd2\xc2\
\x00\xc3\xb7\xa4\x00\x00\x00\x00\x00\x2e\x90\xe9\x00\x00\x00\x00\
\x00\x75\x7e\x6d\x00\xee\xce\x8b\x00\x00\x00\x00\x00\x00\x00\x00\
\x00\xdd\xda\xdd\x00\x00\x00\x00\x00\x00\x00\x00\x00\x00\x00\x00\
\x00\x00\x00\x00\x00\x00\x00\x00\x00\x00\x00\x00\x00\x00\x00\x00\
\x00\x3c\xab\xfa\x00\x00\x00\x00\x00\x00\x00\x00\x00\xda\xd4\xd0\
\x00\x17\x6b\xd1\x00\x00\x00\x00\x00\x35\x22\x12\x00\x00\x00\x00\
\x00\xe0\xb5\x66\x00\x00\x00\x00\x00\xd6\xd4\xd2\x00\x00\x00\x00\
\x00\x00\x00\x00\x00\x00\x00\x00\x00\xfa\xe6\xbb\x00\x00\x00\x00\
\x00\x00\x00\x00\x00\x00\x00\x00\x00\x00\x00\x00\x00\x00\x00\x00\
\x00\x5a\x97\xd1\x00\xdb\xd3\xca\x00\x4a\x78\x9b\x00\xe7\xa5\x30\
\x00\xec\xac\x3d\x00\xd8\xcf\xb8\x00\x00\x00\x00\x00\x00\x00\x00\
\x00\xe4\xae\x4b\x00\x54\xc3\xf7\x00\x00\x00\x00\x00\x00\x00\x00\
\x00\xa9\x80\x4a\x00\x00\x00\x00\x00\x4f\xbe\xfa\x00\x00\x00\x00\
\x00\x00\x00\x00\x00\x2f\x98\xf6\x00\x00\x00\x00\x00\x00\x00\x00\
\x00\x29\x88\xeb\x00\x00\x00\x00\x00\x00\x00\x00\x00\x63\xd0\xfc\
\x00\xd9\x98\x28\x00\x66\xd4\xfc\x00\x72\x74\x7b\x00\x00\x00\x00\
\x00\x00\x00\x00\x00\xb8\xc2\xc0\x00\x00\x00\x00\x00\x00\x00\x00\
\x00\x00\x00\x00\x00\x00\x00\x00\x00\x00\x00\x00\x00\x45\x8f\xd6\
\x00\xf1\xe4\xd5\x00\xe9\xc1\x71\x00\x00\x00\x00\x00\x00\x00\x00\
\x00\x00\x00\x00\x00\xf6\xe7\xc9\x00\xe6\xad\x43\x00\x05\x51\xba\
\x00\x00\x00\x00\x00\x00\x00\x00\x00\x00\x00\x00\x00\xf7\xef\xe5\
\x00\x00\x00\x00\x00\x31\x8d\xd6\x00\x00\x00\x00\x00\xeb\xf3\xf8\
\x00\x00\x00\x00\x00\x00\x00\x00\x00\x00\x00\x00\x00\x26\x83\xe8\
\x00\x00\x00\x00\x00\x40\x81\xc1\x00\x00\x00\x00\x00\x2c\x2e\x30\
\x00\x00\x00\x00\x00\x00\x00\x00\x00\x00\x00\x00\x00\x00\x00\x00\
\x00\x00\x00\x00\x00\x00\x00\x00\x00\x00\x00\x00\x00\xff\xec\xbc\
\x00\x00\x00\x00\x00\x00\x00\x00\x00\x42\xaf\xfa\x00\x00\x00\x00\
\x00\x00\x00\x00\x00\xff\xff\xff\x00\xff\xff\xff\x00\x00\x00\x00\
\x00\x00\x00\x00\x00\x00\x00\x00\x00\x00\x00\x00\x00\x00\x00\x00\
\x00\x00\x43\x11\x28\x13\x2a\x2b\x00\x00\x00\x00\x00\x00\x00\x00\
\x38\x82\x07\x07\x28\x13\x21\x2a\x2d\x24\x00\x00\x00\x00\x14\x05\
\x5c\x33\x1e\x3a\x41\x41\x3a\x1e\x1a\xc9\x34\x44\x00\x00\x1d\x14\
\x30\x83\x6a\x66\x1b\x1b\x95\xb7\x0d\x03\x2d\x33\x00\x01\xe0\x74\
\xfe\xda\x78\xdf\x3c\x3c\xb8\xcd\x15\x99\xee\x0a\x24\x17\xe8\xfe\
\xe4\x5d\x46\x57\x00\x00\xa7\xb9\x75\x6b\xb6\x45\x1e\x7c\xfe\xfe\
\x77\x96\xc1\x22\x0c\x00\x00\x23\xbd\xa9\x32\x2c\x45\xe6\xfe\xfe\
\xde\x79\x8f\xcf\xf0\x0c\x00\x23\x10\x73\xab\xa4\xa5\x18\x80\x37\
\x84\x64\xaf\x90\x8d\x68\x4c\x71\x56\xd9\x7e\x0a\x21\x29\x5b\x03\
\xd8\xd2\x27\xf8\x4f\x91\x27\x0b\xba\xb5\x30\x21\x21\x00\x29\x0e\
\xbe\x93\x36\x81\x26\x26\x54\x36\xec\x11\x07\x11\x00\x00\x8c\x8c\
\x09\xce\x69\x8b\x3d\x3d\x7d\xc6\x38\x19\x07\x43\x00\x00\x00\x00\
\x0e\x09\x0f\x01\x87\x2f\x14\xa1\x02\x38\x00\x00\x00\x00\x00\x00\
\x00\x00\xcc\x2e\x20\xc3\x1d\xfb\x00\x00\x00\x00\x00\x00\x00\x00\
\x00\x00\x00\x00\x00\x00\x00\x00\x00\x00\x00\x00\x00\xff\xff\x00\
\x00\xf8\x1f\x00\x00\xe0\x07\x00\x00\x80\x01\x00\x00\x80\x01\x00\
\x00\x00\x00\x00\x00\x00\x00\x00\x00\x00\x00\x00\x00\x00\x00\x00\
\x00\x00\x00\x00\x00\x00\x00\x00\x00\x80\x01\x00\x00\x80\x01\x00\
\x00\xe0\x07\x00\x00\xf8\x1f\x00\x00\xff\xff\x00\x00\x28\x00\x00\
\x00\x10\x00\x00\x00\x20\x00\x00\x00\x01\x00\x20\x00\x00\x00\x00\
\x00\x40\x04\x00\x00\x00\x00\x00\x00\x00\x00\x00\x00\x00\x00\x00\
\x00\x00\x00\x00\x00\x00\x00\x00\x00\x00\x00\x00\x00\x00\x00\x00\
\x00\x00\x00\x00\x00\x00\x00\x00\x00\x00\x00\x00\x00\x00\x00\x00\
\x00\x00\x00\x00\x00\x00\x00\x00\x00\x00\x00\x00\x00\x00\x00\x00\
\x00\x00\x00\x00\x00\x00\x00\x00\x00\x00\x00\x00\x00\x00\x00\x00\
\x00\x00\x00\x00\x00\x00\x00\x00\x00\x00\x00\x00\x00\x00\x00\x00\
\x00\x00\x00\x00\x00\x2a\x92\xf8\x33\x2b\x90\xf6\xae\x2b\x8f\xf5\
\xe4\x2a\x8d\xf1\xe1\x2a\x8c\xef\xe1\x29\x8a\xef\xe4\x29\x88\xeb\
\xae\x28\x87\xeb\x33\x00\x00\x00\x00\x00\x00\x00\x00\x00\x00\x00\
\x00\x00\x00\x00\x00\x00\x00\x00\x00\x00\x00\x00\x00\x38\xa6\xfa\
\x10\x33\x9e\xfc\xa1\x2e\x99\xfb\xff\x2d\x95\xf9\xff\x2b\x93\xf8\
\xff\x2b\x90\xf7\xff\x2b\x8e\xf5\xff\x2a\x8d\xf3\xff\x2a\x8b\xf1\
\xff\x29\x89\xec\xff\x28\x88\xeb\xa1\x28\x85\xe9\x10\x00\x00\x00\
\x00\x00\x00\x00\x00\x00\x00\x00\x00\x45\xb4\xf9\x1f\x42\xb3\xff\
\xf2\x31\xa0\xf8\xff\x14\x7e\xf0\xff\x14\x7e\xf9\xff\x16\x7e\xf6\
\xff\x17\x7f\xf6\xff\x17\x7f\xf7\xff\x16\x80\xf7\xff\x12\x7e\xfc\
\xff\x16\x7c\xf0\xff\x27\x87\xed\xff\x2b\x89\xee\xf2\x27\x83\xe7\
\x1f\x00\x00\x00\x00\x52\xc1\xfd\x03\x4e\xc2\xff\xe6\x15\x7f\xdf\
\xff\x0e\x66\xd0\xff\x50\x88\xd0\xff\x79\x7d\x70\xff\xa5\x8a\x4d\
\xff\xd4\x99\x2d\xff\xd5\x97\x29\xff\xa5\x86\x41\xff\x6c\x77\x70\
\xff\x3f\x7d\xcc\xff\x0e\x65\xd1\xff\x10\x6b\xdb\xff\x2b\x89\xef\
\xe6\x29\x86\xe9\x02\x53\xcd\xff\x72\x12\x75\xd2\xff\x6d\x97\xcf\
\xff\xd5\xeb\xff\xff\xff\xd2\x74\xff\xfe\xa9\x1c\xff\xff\xb7\x33\
\xff\xa1\x6b\x1d\xff\x92\x5c\x14\xff\xf1\xa0\x1e\xff\xff\x9c\x00\
\xff\xe8\xab\x3f\xff\xb6\xc6\xdd\xff\x46\x7b\xba\xff\x06\x62\xd2\
\xff\x22\x85\xf0\x70\x30\x96\xde\xe3\xcc\xd5\xea\xff\xff\xff\xff\
\xff\xff\xfc\xea\xff\xe3\xad\x3e\xff\xf5\xbf\x5c\xff\x3c\x2b\x16\
\xff\x00\x00\x00\xff\x00\x00\x00\xff\x13\x0d\x0c\xff\xe8\xa9\x40\
\xff\xe1\x9b\x1e\xff\xe7\xd4\xb9\xff\xeb\xe0\xd5\xff\x9a\xab\xbc\
\xff\x16\x6e\xd4\xe3\xd5\xe0\xef\xf8\xff\xff\xff\xff\xff\xff\xff\
\xff\xf6\xe8\xd3\xff\xf5\xcc\x73\xff\xc7\x9a\x52\xff\x00\x00\x0e\
\xff\x00\x00\x00\xff\x00\x00\x00\xff\x00\x00\x00\xff\x94\x6a\x2f\
\xff\xf6\xb7\x3f\xff\xd9\xbd\x8a\xff\xcf\xd5\xe3\xff\xf8\xe4\xc9\
\xff\xa9\xb4\xc0\xf8\x55\xa1\xdd\xf8\xdd\xe2\xf0\xff\xff\xff\xff\
\xff\xff\xf3\xde\xff\xfb\xe6\xb7\xff\xdd\xc9\xa4\xff\x88\x8d\x97\
\xff\x5c\x5d\x61\xff\x08\x09\x07\xff\x00\x00\x00\xff\x97\x73\x3f\
\xff\xfe\xcd\x68\xff\xe1\xc9\x9d\xff\xf1\xea\xe7\xff\xcb\xca\xc8\
\xff\x36\x7d\xd1\xf8\x5d\xd3\xfb\xe3\x14\x69\xc4\xff\x8b\xac\xdc\
\xff\xff\xff\xf6\xff\xff\xf3\xb6\xff\xff\xf2\xb8\xff\xf3\xed\xe4\
\xff\xdc\xdc\xe4\xff\x6f\x72\x7a\xff\x6f\x68\x5f\xff\xff\xe9\xa9\
\xff\xff\xf0\xaf\xff\xfe\xec\xd9\xff\x96\xaf\xcc\xff\x17\x64\xc5\
\xff\x18\x81\xf2\xe3\x7a\xe6\xff\x70\x6d\xdc\xff\xff\x10\x70\xcc\
\xff\x1a\x65\xcb\xff\x92\xac\xc4\xff\xd1\xd9\xc0\xff\xfc\xe8\xbb\
\xff\xfc\xe2\xbb\xff\xf1\xd5\xad\xff\xff\xf1\xbf\xff\xd9\xdf\xc2\
\xff\xa5\xb5\xbf\xff\x2f\x75\xcb\xff\x05\x5e\xcf\xff\x21\x88\xf4\
\xff\x2e\x8e\xf2\x70\x75\xdd\xfb\x02\x77\xe1\xfe\xe6\x75\xe5\xff\
\xff\x42\xac\xef\xff\x01\x6a\xe1\xff\x0b\x69\xdf\xff\x37\x83\xdd\
\xff\x4e\x90\xdb\xff\x57\x96\xdf\xff\x3d\x88\xdf\xff\x15\x73\xe0\
\xff\x00\x67\xe4\xff\x1e\x81\xef\xff\x2e\x96\xfd\xff\x2c\x91\xf6\
\xe6\x2a\x8e\xf3\x02\x00\x00\x00\x00\x75\xdd\xfb\x1f\x74\xdd\xfc\
\xf2\x72\xe0\xff\xff\x68\xd7\xfe\xff\x46\xb7\xfc\xff\x2a\x9b\xfa\
\xff\x20\x92\xfb\xff\x1d\x90\xfa\xff\x23\x92\xfa\xff\x2f\x9d\xfa\
\xff\x34\xa0\xfc\xff\x2e\x99\xfd\xff\x2b\x93\xf7\xf2\x2b\x90\xf5\
\x1f\x00\x00\x00\x00\x00\x00\x00\x00\x00\x00\x00\x00\x73\xdb\xfb\
\x10\x6f\xd9\xfc\xa1\x6a\xd5\xfc\xff\x65\xd3\xfc\xff\x61\xd0\xfe\
\xff\x58\xc9\xfb\xff\x4f\xc1\xfd\xff\x46\xb6\xfc\xff\x3d\xab\xfc\
\xff\x35\xa3\xfa\xff\x2d\x99\xf9\xa1\x2c\x93\xf7\x10\x00\x00\x00\
\x00\x00\x00\x00\x00\x00\x00\x00\x00\x00\x00\x00\x00\x00\x00\x00\
\x00\x00\x00\x00\x00\x69\xd5\xfc\x33\x64\xd1\xfc\xae\x5c\xcb\xfc\
\xe4\x55\xc5\xfb\xe1\x4d\xbd\xfa\xe1\x49\xb6\xfa\xe4\x41\xaf\xfa\
\xae\x37\xa4\xf9\x33\x00\x00\x00\x00\x00\x00\x00\x00\x00\x00\x00\
\x00\x00\x00\x00\x00\x00\x00\x00\x00\x00\x00\x00\x00\x00\x00\x00\
\x00\x00\x00\x00\x00\x00\x00\x00\x00\x00\x00\x00\x00\x00\x00\x00\
\x00\x00\x00\x00\x00\x00\x00\x00\x00\x00\x00\x00\x00\x00\x00\x00\
\x00\x00\x00\x00\x00\x00\x00\x00\x00\x00\x00\x00\x00\x00\x00\x00\
\x00\x00\x00\x00\x00\xff\xff\x00\x00\xf0\x0f\x00\x00\xc0\x03\x00\
\x00\x80\x01\x00\x00\x00\x00\x00\x00\x00\x00\x00\x00\x00\x00\x00\
\x00\x00\x00\x00\x00\x00\x00\x00\x00\x00\x00\x00\x00\x00\x00\x00\
\x00\x00\x00\x00\x00\x80\x01\x00\x00\xc0\x03\x00\x00\xf0\x0f\x00\
\x00\xff\xff\x00\x00\
\x00\x00\x00\xb3\
\x00\
\x00\x02\x76\x78\x9c\xed\x90\x31\x0e\xc2\x30\x0c\x45\x5f\x22\xf6\
\x36\xbd\x40\xd3\x0c\xa8\xb7\x28\x27\xe0\x4c\x70\x92\x8e\xac\x20\
\x26\x16\xae\xc0\x31\x58\x41\x4c\x48\xa8\xf0\x9d\xb2\x30\x54\x70\
\x00\x2c\x7d\x3b\xfe\xf6\x8f\x13\x83\xc3\x53\x96\xa5\xe2\x8c\xd6\
\xc1\x1c\x3e\xf2\xa5\xd0\x1a\x27\x44\xc1\xf8\x49\x5b\x98\x7b\x4e\
\xd7\xbf\x58\x48\xd9\x9a\xa6\xb2\x40\x88\xc1\x58\x57\xc5\x4c\x04\
\x1f\x93\x3a\x74\x8e\x72\xd6\xac\xf7\x04\xa7\x52\x14\x1b\xfc\x3b\
\x26\x8b\x04\x93\x44\x69\x4d\x22\x9d\xcf\xba\xf1\x9e\x34\x0e\x6a\
\x2a\x97\xe7\xa4\x60\x5a\x23\xba\x01\xfa\x0b\xac\xf4\xe7\xcd\x15\
\xf6\x67\x38\x14\xca\x6b\x38\x1a\x3a\xd8\xf6\xb0\x3e\xc1\x4e\xb5\
\xcd\x0d\x8a\x3b\xd4\x0f\x61\xf8\xef\xe9\xd7\x3d\xbd\x00\xa8\xa2\
\x43\x37\
\x00\x00\x09\xf6\
\x00\
\x00\x01\x00\x02\x00\x10\x10\x00\x00\x01\x00\x08\x00\x68\x05\x00\
\x00\x26\x00\x00\x00\x10\x10\x00\x00\x01\x00\x20\x00\x68\x04\x00\
\x00\x8e\x05\x00\x00\x28\x00\x00\x00\x10\x00\x00\x00\x20\x00\x00\
\x00\x01\x00\x08\x00\x00\x00\x00\x00\x40\x01\x00\x00\x00\x00\x00\
\x00\x00\x00\x00\x00\x00\x01\x00\x00\x00\x00\x00\x00\x3f\x9c\xfc\
\x00\x00\x00\x00\x00\x40\x9e\xfc\x00\x00\x00\x00\x00\x17\x8c\xf9\
\x00\x00\x00\x00\x00\x89\x7b\x80\x00\x05\x63\xdc\x00\x3e\x35\x3b\
\x00\x00\x00\x00\x00\x05\x78\xf8\x00\x00\x00\x00\x00\x69\x61\x66\
\x00\x67\xce\xfa\x00\x00\x00\x00\x00\x0e\x85\xf9\x00\xdb\xff\xff\
\x00\x6a\xcb\xfa\x00\xa1\xe2\xfe\x00\x95\xdb\xff\x00\xbb\xf3\xfe\
\x00\x3c\xa1\xfb\x00\xc3\xff\xff\x00\x00\x00\x00\x00\x7e\x75\x79\
\x00\x00\x00\x00\x00\x00\x00\x00\x00\x0a\x5a\xce\x00\x00\x00\x00\
\x00\x6f\xc2\xfe\x00\x00\x00\x00\x00\x92\xe6\xfe\x00\x47\xac\xfc\
\x00\x20\x70\xde\x00\x9a\xdd\xfe\x00\x00\x00\x00\x00\x00\x00\x00\
\x00\x6d\xca\xfe\x00\x40\x38\x3e\x00\x5a\xb2\xfd\x00\x00\x00\x00\
\x00\x1a\x6d\xde\x00\x5a\xc1\xfc\x00\x29\x8e\xfa\x00\x00\x00\x00\
\x00\xc5\xc0\xc1\x00\x00\x00\x00\x00\x00\x33\xa1\x00\x7e\x72\x77\
\x00\x7e\xe5\xfd\x00\x00\x00\x00\x00\x00\x00\x00\x00\x00\x00\x00\
\x00\x6b\xc9\xfe\x00\x67\xd4\xfc\x00\x00\x00\x00\x00\x00\x00\x00\
\x00\x00\x00\x00\x00\x00\x00\x00\x00\x00\x00\x00\x00\x00\x00\x00\
\x00\x00\x00\x00\x00\x00\x00\x00\x00\x00\x00\x00\x00\x00\x00\x00\
\x00\x00\x00\x00\x00\x23\x93\xfa\x00\x6e\x66\x6b\x00\x00\x00\x00\
\x00\x00\x00\x00\x00\x00\x00\x00\x00\x69\xb9\xfd\x00\x00\x00\x00\
\x00\xc8\xc2\xc3\x00\x00\x00\x00\x00\x00\x00\x00\x00\xff\xff\xfe\
\x00\x00\x00\x00\x00\x00\x00\x00\x00\x00\x00\x00\x00\x93\xd9\xfe\
\x00\x00\x00\x00\x00\x81\x78\x7d\x00\x0d\x4e\xb7\x00\xcd\xc7\xc8\
\x00\x8e\x81\x86\x00\x00\x00\x00\x00\x00\x00\x00\x00\x00\x00\x00\
\x00\x38\xa2\xfb\x00\xcd\xcc\xc9\x00\x24\x93\xf9\x00\x00\x00\x00\
\x00\x00\x00\x00\x00\x5e\xb2\xfd\x00\xb9\xf2\xfd\x00\xda\xd9\xd7\
\x00\xbe\xbe\xbc\x00\x0b\x4a\xb2\x00\x0a\x4b\xb4\x00\x56\xc0\xfd\
\x00\x0a\x51\xc1\x00\x0a\x53\xc4\x00\x00\x00\x00\x00\x82\xe8\xfd\
\x00\x00\x00\x00\x00\x00\x00\x00\x00\x10\x80\xf8\x00\x11\x82\xf8\
\x00\x2b\x91\xfa\x00\x22\x92\xf8\x00\x09\x7c\xf8\x00\x00\x00\x00\
\x00\x00\x00\x00\x00\x00\x00\x00\x00\x4e\xb4\xfc\x00\x00\x00\x00\
\x00\xd5\xd4\xd2\x00\x7a\xc9\xff\x00\x00\x00\x00\x00\x18\x6c\xde\
\x00\xcd\xcc\xca\x00\x00\x00\x00\x00\x00\x00\x00\x00\x35\xa5\xf9\
\x00\xbf\xbb\xb9\x00\x44\xa3\xfb\x00\x8f\xec\xfd\x00\x00\x00\x00\
\x00\x00\x00\x00\x00\x30\x9f\xfa\x00\xd4\xff\xff\x00\x00\x00\x00\
\x00\x00\x00\x00\x00\x9f\x97\x9a\x00\x00\x00\x00\x00\x00\x00\x00\
\x00\x00\x00\x00\x00\x00\x00\x00\x00\x00\x00\x00\x00\x00\x00\x00\
\x00\x00\x00\x00\x00\x00\x00\x00\x00\x00\x00\x00\x00\x61\xcd\xfd\
\x00\x65\xce\xfc\x00\x30\xa2\xfa\x00\x00\x00\x00\x00\xbb\xf8\xff\
\x00\x00\x00\x00\x00\x01\x3e\xa3\x00\xb3\xec\xfd\x00\x00\x39\xaa\
\x00\x00\x00\x00\x00\x00\x00\x00\x00\x00\x00\x00\x00\x00\x00\x00\
\x00\x2e\x9d\xfa\x00\x2d\x9a\xfc\x00\x12\x89\xf9\x00\x00\x00\x00\
\x00\x00\x00\x00\x00\x00\x00\x00\x00\x75\xdc\xfc\x00\x8d\xd5\xfe\
\x00\x60\x57\x5e\x00\x00\x00\x00\x00\x00\x00\x00\x00\x00\x00\x00\
\x00\x09\x3f\xa0\x00\x86\x7e\x82\x00\x00\x00\x00\x00\x00\x00\x00\
\x00\x00\x00\x00\x00\x00\x00\x00\x00\x5d\xb4\xfd\x00\x09\x5a\xd2\
\x00\x0b\x45\xab\x00\x00\x00\x00\x00\xb9\xf2\xfe\x00\x0e\x80\xf8\
\x00\x00\x00\x00\x00\x59\xc1\xfc\x00\x00\x00\x00\x00\x00\x00\x00\
\x00\x00\x00\x00\x00\xd4\xd3\xd1\x00\x00\x00\x00\x00\x00\x00\x00\
\x00\x00\x00\x00\x00\x0b\x4d\xb7\x00\x00\x00\x00\x00\x00\x00\x00\
\x00\x00\x00\x00\x00\x92\x87\x8a\x00\x0c\x53\xc1\x00\x0c\x55\xc4\
\x00\x00\x00\x00\x00\x90\xd6\xfe\x00\xeb\xeb\xeb\x00\x00\x00\x00\
\x00\x1a\x4e\xa4\x00\x00\x00\x00\x00\x14\x47\xa3\x00\x9f\xe0\xfe\
\x00\x44\xab\xfc\x00\x7b\x6e\x73\x00\x00\x00\x00\x00\x0d\x66\xde\
\x00\x12\x82\xf8\x00\xb8\xb7\xb3\x00\x00\x00\x00\x00\xc9\xc5\xc4\
\x00\x00\x00\x00\x00\x00\x00\x00\x00\x6e\x65\x68\x00\xc4\xc2\xbe\
\x00\xc5\xff\xff\x00\x78\xc7\xff\x00\x00\x00\x00\x00\x00\x00\x00\
\x00\x9c\xdd\xfe\x00\x00\x00\x00\x00\x00\x00\x00\x00\x07\x64\xdd\
\x00\x75\xc2\xfe\x00\x00\x00\x00\x00\x6b\x63\x67\x00\x00\x00\x00\
\x00\x00\x00\x00\x00\x00\x00\x00\x00\x00\x00\x00\x00\x8f\x88\x8a\
\x00\xda\xff\xff\x00\x00\x00\x00\x00\x00\x00\x00\x00\xe4\xff\xff\
\x00\x49\xb5\xfc\x00\x51\xab\xfc\x00\x3a\xa8\xfc\x00\x0c\x44\xa7\
\x00\x00\x00\x00\x00\x00\x00\x00\x00\x66\xb9\xfd\x00\x67\xba\xfd\
\x00\x00\x00\x00\x00\xbe\xbb\xba\x00\x0a\x5c\xd2\x00\xb7\xb0\xb3\
\x00\x8e\xec\xfd\x00\x00\x00\x00\x00\x00\x00\x00\x00\x00\x00\x00\
\x00\x00\x00\x00\x00\xff\xff\xff\x00\xff\xff\xff\x00\x01\xcb\xa9\
\xf0\xb1\x62\xbe\x65\x66\x1b\xb0\x01\x01\x01\x01\x01\xc9\xec\x5f\
\x73\x7c\x9d\x5b\xd1\x6b\xb4\x04\x07\x01\x01\x01\x01\xc9\x94\xc6\
\xf4\xee\x04\x92\x90\x68\x7f\x1f\x21\x01\x01\x01\x01\xc9\x16\x22\
\x1d\x27\x15\x20\x2a\x0d\x11\x25\x29\x01\x01\x01\x01\xc9\xe9\xb3\
\xcc\x50\xda\xf3\x02\x6d\x6f\x9f\xe0\x01\x01\x01\x01\xc9\x10\x14\
\x12\x13\x76\x47\x00\x2b\x0a\x0f\x07\x01\x01\x01\x01\xc9\x94\xa4\
\xaf\x7e\x6e\xef\x91\x31\xf9\x1f\x21\x01\x01\x01\x01\xc9\xd9\xdd\
\xe1\x5e\x59\xcd\xb6\x0d\x11\x35\x78\x01\x01\x01\x01\xc9\x83\x97\
\xa3\x36\x64\xed\x82\x42\x6c\x9e\xd0\x01\x01\x01\x01\x01\xc9\x96\
\x2f\x98\x63\x53\xc3\xc4\x1b\xf7\x01\x01\x43\xd8\x26\x01\x01\x01\
\x01\x01\x01\x01\x2d\x4c\x06\x01\x01\x01\xe3\x61\x26\x01\x01\x01\
\x01\x01\x01\x01\x49\xfe\x06\x01\x01\x01\xd7\x5a\x08\x01\x01\x01\
\x01\x01\x01\x01\x54\xfe\x06\x01\x01\x01\xaa\xd4\x08\x01\x01\x01\
\x01\x01\x01\x01\xc2\xfe\x60\x86\x30\xa5\x7d\xd2\x08\x01\x01\x01\
\x01\x01\x01\x01\x55\xf8\xc7\xba\x75\x79\xf6\x0c\x01\x01\x01\x01\
\x01\x01\x01\x01\x01\x0c\xce\xe8\x52\x18\x0c\x01\x01\x80\x1f\x00\
\x00\x00\x0f\x00\x00\x00\x0f\x00\x00\x00\x0f\x00\x00\x00\x0f\x00\
\x00\x00\x0f\x00\x00\x00\x0f\x00\x00\x00\x0f\x00\x00\x00\x0f\x00\
\x00\x80\x18\x00\x00\xfe\x38\x00\x00\xfe\x38\x00\x00\xfe\x38\x00\
\x00\xfe\x00\x00\x00\xfe\x01\x00\x00\xff\x03\x00\x00\x28\x00\x00\
\x00\x10\x00\x00\x00\x20\x00\x00\x00\x01\x00\x20\x00\x00\x00\x00\
\x00\x40\x04\x00\x00\x00\x00\x00\x00\x00\x00\x00\x00\x00\x00\x00\
\x00\x00\x00\x00\x00\x11\x37\x93\x0a\x2e\x68\xb1\xc4\x12\x64\xbc\
\xf6\x1a\x64\xbe\xf3\x1c\x68\xc2\xf3\x19\x67\xc7\xf3\x16\x66\xcc\
\xf3\x10\x64\xd0\xf3\x10\x64\xd5\xf3\x0c\x65\xdb\xf3\x19\x73\xe0\
\xfb\x00\x00\x00\x00\x00\x00\x00\x00\x00\x00\x00\x00\x00\x00\x00\
\x00\x00\x00\x00\x00\x2d\x6b\xb9\xd1\xad\xd9\xe9\xff\xa7\xff\xff\
\xff\x54\xc7\xff\xff\x36\xb4\xff\xff\x2e\xab\xff\xff\x25\xa0\xff\
\xff\x1b\x96\xff\xff\x1f\x97\xff\xff\x1d\x93\xff\xff\x3f\xb5\xff\
\xff\x27\x86\xe9\xff\x00\x00\x00\x00\x00\x00\x00\x00\x00\x00\x00\
\x00\x00\x00\x00\x00\x2d\x6b\xb9\xce\x99\xc5\xe1\xff\xb7\xf5\xff\
\xff\x84\xcb\xfd\xff\x60\xb4\xfb\xff\x3a\x9f\xfa\xff\x46\xaa\xfb\
\xff\x53\xb8\xfc\xff\x64\xca\xfb\xff\x5e\xc2\xf9\xff\x6e\xd1\xff\
\xff\x2d\x85\xe6\xf2\x00\x00\x00\x00\x00\x00\x00\x00\x00\x00\x00\
\x00\x00\x00\x00\x00\x2d\x6b\xb9\xce\x9a\xc9\xe1\xff\xba\xf9\xff\
\xff\x8d\xd4\xfe\xff\x75\xc5\xfd\xff\x63\xb9\xfd\xff\x5b\xb4\xfd\
\xff\x4f\xaf\xfc\xff\x43\xac\xfa\xff\x33\x9f\xf8\xff\x46\xb4\xff\
\xff\x21\x7e\xe7\xf3\x00\x00\x00\x00\x00\x00\x00\x00\x00\x00\x00\
\x00\x00\x00\x00\x00\x2d\x6b\xb9\xce\x9a\xc9\xe1\xff\xb8\xf9\xff\
\xff\x8a\xd3\xfe\xff\x71\xc1\xfd\xff\x5c\xb4\xfd\xff\x54\xb2\xfc\
\xff\x4e\xb0\xfc\xff\x48\xaf\xfa\xff\x39\xa3\xf8\xff\x4b\xb8\xff\
\xff\x23\x80\xe7\xf3\x00\x00\x00\x00\x00\x00\x00\x00\x00\x00\x00\
\x00\x00\x00\x00\x00\x2d\x6b\xb9\xce\x9b\xc8\xe1\xff\xb9\xf8\xff\
\xff\x8b\xd2\xfe\xff\x72\xc2\xfd\xff\x5a\xb5\xfd\xff\x56\xb2\xfd\
\xff\x4e\xaf\xfc\xff\x47\xaf\xfa\xff\x38\xa3\xf8\xff\x4b\xb8\xff\
\xff\x22\x7f\xe6\xf3\x00\x00\x00\x00\x00\x00\x00\x00\x00\x00\x00\
\x00\x00\x00\x00\x00\x2d\x6b\xb9\xce\x97\xc4\xe1\xff\xae\xf2\xff\
\xff\x7d\xca\xfd\xff\x61\xb7\xfc\xff\x49\xa9\xfa\xff\x4f\xb1\xfd\
\xff\x55\xb8\xfd\xff\x5c\xc2\xfb\xff\x52\xbb\xf9\xff\x67\xcc\xff\
\xff\x2d\x85\xe6\xf3\x00\x00\x00\x00\x00\x00\x00\x00\x00\x00\x00\
\x00\x00\x00\x00\x00\x2d\x6b\xb9\xcd\x9c\xc9\xe0\xff\xbb\xf5\xff\
\xff\x8c\xcf\xfe\xff\x6e\xbd\xfd\xff\x54\xb1\xfd\xff\x52\xaf\xfb\
\xff\x4e\xaf\xfb\xff\x4b\xb1\xf9\xff\x3e\xa5\xf8\xff\x4e\xb9\xff\
\xff\x20\x7e\xe7\xf2\x00\x00\x00\x00\x00\x00\x00\x00\x00\x00\x00\
\x00\x00\x00\x00\x00\x2d\x6b\xb9\xd9\xaa\xd9\xea\xff\xc2\xff\xff\
\xff\x83\xf8\xff\xff\x6f\xe7\xff\xff\x61\xd7\xff\xff\x4c\xc5\xff\
\xff\x3d\xb6\xff\xff\x2e\xa4\xff\xff\x1b\x91\xff\xff\x4e\xbf\xff\
\xff\x33\x8d\xe9\xff\x00\x00\x00\x00\x69\x61\x66\xaa\x69\x61\x66\
\xbb\x4b\x43\x47\xc0\x00\x00\x00\x00\x2d\x6b\xb9\xcf\x28\x79\xc0\
\xff\x24\x6c\xbc\xff\x18\x67\xc5\xff\x1b\x6e\xcb\xff\x24\x74\xcd\
\xff\x1b\x71\xd2\xff\x14\x6c\xd7\xff\x0c\x69\xdd\xff\x14\x70\xe0\
\xff\x00\x00\x00\x00\x00\x00\x00\x00\x69\x61\x66\xa6\xaf\xac\xa9\
\xff\x51\x4a\x4e\xff\x00\x00\x00\x00\x00\x00\x00\x00\x00\x00\x00\
\x00\x00\x00\x00\x00\x00\x00\x00\x00\x00\x00\x00\x00\x00\x00\x00\
\x00\xc9\xc0\xc2\xff\xfd\xf3\xef\xff\x89\x7b\x86\xff\x00\x00\x00\
\x00\x00\x00\x00\x00\x00\x00\x00\x00\x71\x6a\x6c\xb3\xc3\xc5\xc0\
\xff\x50\x49\x4c\xf2\x00\x00\x00\x00\x00\x00\x00\x00\x00\x00\x00\
\x00\x00\x00\x00\x00\x00\x00\x00\x00\x00\x00\x00\x00\x00\x00\x00\
\x00\xc9\xc0\xc2\xff\xfd\xff\xfb\xff\x99\x8e\x8d\xff\x00\x00\x00\
\x00\x00\x00\x00\x00\x00\x00\x00\x00\x66\x5d\x62\xab\xcf\xcf\xcb\
\xff\x51\x49\x4d\xf3\x00\x00\x00\x00\x00\x00\x00\x00\x00\x00\x00\
\x00\x00\x00\x00\x00\x00\x00\x00\x00\x00\x00\x00\x00\x00\x00\x00\
\x00\xc9\xc0\xc2\xff\xfe\xff\xfe\xff\x9d\x92\x95\xff\x00\x00\x00\
\x00\x00\x00\x00\x00\x00\x00\x00\x00\x7d\x75\x7b\xd3\xd5\xd3\xce\
\xff\x5b\x53\x56\xf6\x00\x00\x00\x00\x00\x00\x00\x00\x00\x00\x00\
\x00\x00\x00\x00\x00\x00\x00\x00\x00\x00\x00\x00\x00\x00\x00\x00\
\x00\xbb\xb5\xb7\xff\xff\xff\xff\xff\xd9\xd9\xd7\xff\x80\x76\x7b\
\xc2\x53\x46\x4c\x8e\x5a\x52\x57\xcb\xb7\xb6\xb3\xff\xc8\xc6\xc2\
\xff\x54\x4b\x50\xfe\x00\x00\x00\x00\x00\x00\x00\x00\x00\x00\x00\
\x00\x00\x00\x00\x00\x00\x00\x00\x00\x00\x00\x00\x00\x00\x00\x00\
\x00\x85\x76\x7b\x7c\xbb\xb5\xb7\xff\xff\xff\xff\xff\xf4\xf6\xf4\
\xff\xf5\xf6\xf4\xff\xf2\xf2\xf1\xff\xe6\xe6\xe3\xff\xa7\xa2\xa4\
\xff\x3e\x34\x3a\x29\x00\x00\x00\x00\x00\x00\x00\x00\x00\x00\x00\
\x00\x00\x00\x00\x00\x00\x00\x00\x00\x00\x00\x00\x00\x00\x00\x00\
\x00\x00\x00\x00\x00\x76\x6a\x6d\x7c\x9a\x90\x95\xfb\xb3\xad\xb0\
\xf3\xab\xa5\xa8\xf3\xa7\xa0\xa2\xf3\x8e\x89\x8c\xf8\x63\x59\x60\
\x23\x00\x00\x00\x00\x00\x1f\x00\x00\x00\x0f\x00\x00\x00\x0f\x00\
\x00\x00\x0f\x00\x00\x00\x0f\x00\x00\x00\x0f\x00\x00\x00\x0f\x00\
\x00\x00\x0f\x00\x00\x00\x08\x00\x00\x80\x18\x00\x00\xfe\x38\x00\
\x00\xfe\x38\x00\x00\xfe\x38\x00\x00\xfe\x00\x00\x00\xfe\x00\x00\
\x00\xff\x01\x00\x00\
\x00\x00\x08\xf6\
\x00\
\x00\x01\x00\x02\x00\x10\x10\x00\x00\x01\x00\x20\x00\x68\x04\x00\
\x00\x26\x00\x00\x00\x10\x10\x00\x00\x01\x00\x20\x00\x68\x04\x00\
\x00\x8e\x04\x00\x00\x28\x00\x00\x00\x10\x00\x00\x00\x20\x00\x00\
\x00\x01\x00\x20\x00\x00\x00\x00\x00\x00\x00\x00\x00\x00\x00\x00\
\x00\x00\x00\x00\x00\x00\x00\x00\x00\x00\x00\x00\x00\x00\x00\x00\
\x00\x00\x00\x00\x00\x00\x00\x00\x00\x00\x00\x00\x00\x00\x00\x00\
\x00\x00\x00\x00\x00\x6f\x3b\x00\xff\x83\x57\x16\xff\x83\x57\x16\
\xff\x83\x57\x16\xff\x83\x57\x16\xff\x83\x57\x16\xff\x83\x57\x16\
\xff\x83\x57\x16\xff\x83\x57\x16\xff\x63\x33\x00\xff\x00\x00\x00\
\x00\x00\x00\x00\x00\x88\x3d\x1a\x19\x00\x00\x00\x00\x00\x00\x00\
\x00\x88\x3d\x1a\x19\xaa\x6d\x2d\xff\xb4\x70\x13\xff\x9b\x53\x13\
\xff\xcd\xbd\xb3\xff\xf4\xf1\xe8\xff\xed\xe7\xdf\xff\xf1\xe7\xe0\
\xff\xf1\xeb\xe2\xff\xed\xe6\xd9\xff\x8b\x60\x1f\xff\x00\x00\x00\
\x00\x00\x00\x00\x00\xbd\x76\x04\xd8\x88\x3d\x1a\x19\x88\x3d\x1a\
\x19\xb1\x6d\x1e\xd8\xcf\x90\x28\xff\xca\x88\x13\xff\xa9\x63\x11\
\xff\x8a\x3f\x19\xff\xf5\xf2\xed\xff\xf6\xf3\xea\xff\xf2\xf1\xe8\
\xff\xf5\xf3\xee\xff\xf5\xef\xe9\xff\x8b\x60\x1f\xff\x00\x00\x00\
\x00\x00\x00\x00\x00\xd5\x9d\x4d\xff\xc0\x81\x33\xd8\xb9\x77\x27\
\xd8\xd7\x9f\x3e\xff\xcf\x91\x28\xff\xb3\x84\x68\xff\xcb\xb7\xae\
\xff\x9c\x6e\x5f\xff\xf5\xf2\xed\xff\xf5\xf2\xed\xff\xf7\xf2\xf1\
\xff\xf7\xf5\xf0\xff\xf6\xf5\xeb\xff\x8b\x60\x1f\xff\x87\x5d\x1e\
\xff\x9f\x7a\x45\xff\xdb\xa6\x54\xff\xe7\xb8\x67\xff\xe4\xb3\x58\
\xff\xd8\x9f\x3f\xff\xad\x71\x35\xff\xef\xeb\xe4\xff\xde\xdb\xe0\
\xff\xdf\xda\xd6\xff\xf5\xf2\xed\xff\xf4\xf1\xec\xff\xf9\xf3\xf1\
\xff\xdb\xd6\xe0\xff\xf6\xf1\xef\xff\x8b\x60\x1f\xff\xb7\x9d\x72\
\xff\xf8\xf4\xef\xff\xdb\xa6\x54\xff\xec\xbf\x6b\xff\xe5\xb3\x58\
\xff\xc1\x83\x30\xff\xa6\x86\x5b\xff\xf7\xf5\xef\xff\x76\x74\xde\
\xff\x47\x46\xda\xff\xf1\xec\xeb\xff\xfa\xfb\xf1\xff\x98\x98\xcd\
\xff\xc4\xbf\xd6\xff\xef\xe7\xde\xff\x8b\x61\x21\xff\xbb\xa5\x80\
\xff\xf7\xf3\xee\xff\xdb\xa6\x54\xff\xec\xbf\x6b\xff\xe5\xb3\x58\
\xff\xd8\xa0\x3f\xff\xac\x70\x32\xff\xf2\xed\xe6\xff\xce\xcc\xde\
\xff\x21\x28\xf3\xff\xb2\xb0\xe7\xff\xb8\xb9\xec\xff\x62\x61\xdc\
\xff\xed\xe8\xe2\xff\xe7\xdf\xd4\xff\x8d\x62\x23\xff\xbb\xa4\x7c\
\xff\xf7\xf3\xee\xff\xdd\xc2\xae\xff\xdb\xc1\xae\xff\xd8\xbf\xae\
\xff\xd8\xc0\xb7\xff\xae\x83\x59\xff\xdf\xd4\xd1\xff\xfa\xfa\xf6\
\xff\xb0\xb0\xe6\xff\x2a\x3c\xf6\xff\x31\x3f\xf3\xff\xe5\xe3\xe3\
\xff\xe3\xdc\xcf\xff\xdb\xcd\xbb\xff\x8f\x65\x26\xff\xbb\xa4\x7c\
\xff\xf7\xf3\xee\xff\xf5\xf2\xed\xff\xf5\xf2\xed\xff\xf6\xf3\xee\
\xff\xfd\xfa\xf9\xff\xbc\xa4\x7e\xff\xfc\xfc\xfc\xff\xb0\xb2\xf5\
\xff\x42\x58\xf6\xff\x5e\x68\xf4\xff\x5f\x6b\xf4\xff\xa4\xa2\xe8\
\xff\xe0\xcf\xc2\xff\xd4\xc2\xab\xff\x8f\x67\x29\xff\xba\xa1\x7b\
\xff\xf8\xf3\xee\xff\xf6\xf2\xed\xff\xf7\xf4\xf1\xff\xf9\xf4\xf4\
\xff\xff\xff\xfe\xff\xbf\xa9\x88\xff\xf9\xfc\xfc\xff\x41\x54\xf6\
\xff\x8f\x95\xf4\xff\xe9\xe4\xe6\xff\xdd\xd4\xd4\xff\x92\x8c\xd4\
\xff\x83\x83\xf1\xff\xcc\xb8\x9d\xff\x00\x00\x00\x00\xbf\xaa\x88\
\xff\xfb\xf8\xf4\xff\xf9\xf8\xf1\xff\xfc\xfa\xfa\xff\xfa\xf9\xf8\
\xff\xfd\xff\xff\xff\xc1\xac\x8b\xff\xfc\xfc\xfc\xff\xfa\xfb\xfb\
\xff\xef\xed\xe9\xff\xea\xe3\xdc\xff\xdc\xcc\xbc\xff\xc1\xa7\x83\
\xff\xea\xe1\xd7\xff\xca\xb5\x95\xff\x00\x00\x00\x00\xc3\xaf\x90\
\xff\xfc\xfc\xfc\xff\xfa\xfa\xf8\xff\xfa\xfa\xfc\xff\xfb\xfc\xf9\
\xff\xf5\xf3\xeb\xff\xc8\xb7\x96\xff\xfd\xff\xff\xff\xf8\xf5\xf3\
\xff\xeb\xe1\xd5\xff\xdc\xd3\xc2\xff\xcb\xb4\x97\xff\xac\x93\x5e\
\xff\x00\x00\x00\x00\x00\x00\x00\x00\x00\x00\x00\x00\xc7\xb5\x94\
\xff\xfb\xfc\xfc\xff\xfa\xfa\xfa\xff\xfa\xfb\xf8\xff\xf8\xf5\xee\
\xff\xc7\xb0\x93\xff\xbb\xa2\x7b\xff\xdb\xcf\xba\xff\xd6\xc6\xb4\
\xff\xc8\xb9\x9d\xff\xc4\xaf\x8c\xff\xb2\x9a\x6b\xff\xa5\x89\x56\
\xff\x00\x00\x00\x00\x00\x00\x00\x00\x00\x00\x00\x00\xca\xb7\x9b\
\xff\xfc\xfc\xfc\xff\xfa\xfb\xfb\xff\xee\xeb\xe7\xff\xea\xe2\xd9\
\xff\xca\xb5\x98\xff\xdc\xcc\xbc\xff\xac\x8d\x5c\xff\x00\x00\x00\
\x00\x00\x00\x00\x00\x00\x00\x00\x00\x00\x00\x00\x00\x00\x00\x00\
\x00\x00\x00\x00\x00\x00\x00\x00\x00\x00\x00\x00\x00\xca\xba\x9f\
\xff\xfb\xfb\xfc\xff\xf8\xf7\xf1\xff\xea\xe3\xda\xff\xe1\xd8\xca\
\xff\xc2\xa9\x83\xff\xcd\xbd\xa3\xff\x00\x00\x00\x00\x00\x00\x00\
\x00\x00\x00\x00\x00\x00\x00\x00\x00\x00\x00\x00\x00\x00\x00\x00\
\x00\x00\x00\x00\x00\x00\x00\x00\x00\x00\x00\x00\x00\xc0\xa8\x83\
\xff\xdc\xcf\xbb\xff\xd6\xc7\xb3\xff\xc8\xb8\x98\xff\xc4\xad\x88\
\xff\xac\x92\x61\xff\x00\x00\x00\x00\x00\x00\x00\x00\x00\x00\x00\
\x00\x00\x00\x00\x00\x00\x00\x00\x00\x00\x00\x00\x00\x00\x00\x00\
\x00\x00\x00\x00\x00\x00\x00\x00\x00\x00\x00\x00\x00\xfc\x00\x00\
\x00\xd8\x00\x00\x00\xc0\x00\x00\x00\xc0\x00\x00\x00\x00\x00\x00\
\x00\x00\x00\x00\x00\x00\x00\x00\x00\x00\x00\x00\x00\x00\x00\x00\
\x00\x00\x01\x00\x00\x00\x01\x00\x00\x00\x07\x00\x00\x00\x07\x00\
\x00\x00\xff\x00\x00\x01\xff\x00\x00\x03\xff\x00\x00\x28\x00\x00\
\x00\x10\x00\x00\x00\x20\x00\x00\x00\x01\x00\x20\x00\x00\x00\x00\
\x00\x00\x00\x00\x00\x00\x00\x00\x00\x00\x00\x00\x00\x00\x00\x00\
\x00\x00\x00\x00\x00\x00\x00\x00\x00\x00\x00\x00\x00\x00\x00\x00\
\x00\x00\x00\x00\x00\x00\x00\x00\x00\x00\x00\x00\x00\x79\x48\x0a\
\xfd\x99\x75\x3d\xff\x93\x6e\x36\xff\x93\x6e\x36\xff\x93\x6e\x36\
\xff\x95\x6e\x37\xff\x93\x6e\x37\xff\x93\x6e\x37\xff\x9b\x78\x3f\
\xff\x65\x33\x00\xff\x00\x00\x00\x00\x00\x00\x00\x00\x88\x3d\x1a\
\x19\x00\x00\x00\x00\x00\x00\x00\x00\x88\x3d\x1a\x19\xad\x74\x3e\
\xff\xb4\x70\x13\xff\x9b\x53\x13\xff\xd5\xc8\xc5\xff\xff\xff\xff\
\xff\xff\xff\xff\xff\xff\xff\xff\xff\xff\xff\xff\xff\xff\xff\xff\
\xff\xa9\x89\x53\xff\x00\x00\x00\x00\x00\x00\x00\x00\xbd\x76\x04\
\xd8\x88\x3d\x1a\x19\x88\x3d\x1a\x19\xb1\x6d\x1e\xd8\xcf\x90\x28\
\xff\xca\x88\x13\xff\xa9\x63\x11\xff\x8a\x3f\x19\xff\xf1\xec\xe8\
\xff\xf1\xed\xe2\xff\xee\xea\xdd\xff\xed\xe8\xdf\xff\xff\xff\xff\
\xff\x9a\x75\x3d\xff\x00\x00\x00\x00\x00\x00\x00\x00\xd5\x9d\x4d\
\xff\xc0\x81\x33\xd8\xb9\x77\x27\xd8\xd7\x9f\x3e\xff\xcf\x91\x28\
\xff\xb5\x87\x6f\xff\xc9\xb5\xaa\xff\x9c\x6d\x5e\xff\xf3\xf0\xea\
\xff\xf3\xf0\xea\xff\xf7\xf1\xed\xff\xf3\xf1\xea\xff\xff\xff\xff\
\xff\x9a\x75\x3d\xff\x8e\x65\x29\xfd\xb6\x98\x70\xff\xdb\xa6\x54\
\xff\xe7\xb8\x67\xff\xe4\xb3\x58\xff\xd8\x9f\x3f\xff\xaf\x74\x3e\
\xff\xf7\xf4\xf4\xff\xdb\xd9\xdb\xff\xdd\xd8\xd3\xff\xf3\xf2\xeb\
\xff\xf6\xf2\xec\xff\xf8\xf1\xef\xff\xd9\xd3\xdc\xff\xff\xff\xff\
\xff\x9a\x75\x3d\xff\xcb\xb8\x99\xff\xff\xff\xff\xff\xdb\xa6\x54\
\xff\xec\xbf\x6b\xff\xe5\xb3\x58\xff\xc1\x83\x30\xff\xb2\x95\x70\
\xff\xff\xff\xff\xff\x74\x72\xdc\xff\x47\x45\xda\xff\xf0\xea\xe7\
\xff\xf9\xf8\xf1\xff\x98\x98\xcd\xff\xc4\xbf\xd6\xff\xff\xff\xff\
\xff\x9c\x77\x42\xff\xc4\xaf\x8e\xff\xff\xff\xff\xff\xdb\xa6\x54\
\xff\xec\xbf\x6b\xff\xe5\xb3\x58\xff\xd8\xa0\x3f\xff\xad\x74\x3b\
\xff\xf7\xf4\xf4\xff\xcd\xca\xda\xff\x21\x28\xf3\xff\xb1\xb0\xe8\
\xff\xb7\xb9\xed\xff\x60\x60\xdb\xff\xe9\xe1\xd7\xff\xf6\xf6\xf4\
\xff\x9a\x73\x3a\xff\xc4\xaf\x8c\xff\xff\xff\xff\xff\xdc\xbf\xa9\
\xff\xda\xbf\xac\xff\xd7\xbf\xad\xff\xd3\xb9\xaa\xff\xb3\x8b\x68\
\xff\xe2\xd7\xd3\xff\xf8\xfa\xf5\xff\xaf\xaf\xe7\xff\x2a\x3c\xf6\
\xff\x31\x3f\xf3\xff\xe3\xe2\xe3\xff\xe4\xdb\xd3\xff\xe8\xdf\xd4\
\xff\x92\x6c\x2f\xff\xc4\xaf\x8c\xff\xff\xff\xff\xff\xf2\xed\xe7\
\xff\xf3\xf0\xe8\xff\xf7\xf3\xed\xff\xf6\xf1\xeb\xff\xc7\xb2\x92\
\xff\xff\xff\xff\xff\xaf\xb1\xf4\xff\x42\x58\xf6\xff\x5e\x67\xf4\
\xff\x5f\x6b\xf4\xff\x9b\x94\xde\xff\xc7\xb0\x95\xff\xc9\xb4\x93\
\xff\x8c\x63\x24\xff\xc2\xad\x8a\xff\xff\xff\xff\xff\xf3\xeb\xe6\
\xff\xf6\xf0\xeb\xff\xf9\xf4\xf3\xff\xfa\xf9\xf1\xff\xc8\xb5\x99\
\xff\xff\xff\xff\xff\x41\x54\xf6\xff\x90\x97\xf5\xff\xe9\xe3\xe3\
\xff\xda\xd0\xce\xff\x97\x92\xd9\xff\x81\x7f\xef\xff\xb5\x96\x6b\
\xff\x81\x53\x09\xff\xc7\xb6\x99\xef\xff\xff\xff\xff\xf7\xf7\xee\
\xff\xfb\xf9\xf9\xff\xfb\xfb\xfd\xff\xf6\xf6\xf2\xff\xc9\xb9\x9d\
\xff\xff\xff\xff\xff\xfa\xfa\xf7\xff\xf2\xed\xe5\xff\xe3\xd9\xd0\
\xff\xd1\xbd\xa2\xff\xc5\xae\x90\xff\xea\xe6\xe1\xff\xb8\x9e\x73\
\xff\x00\x00\x00\x00\xca\xb9\x9c\xef\xff\xff\xff\xff\xf8\xf8\xf7\
\xff\xf9\xf9\xff\xff\xfc\xfd\xfc\xff\xef\xeb\xdf\xff\xc9\xb7\x98\
\xff\xff\xff\xff\xff\xf9\xf8\xf6\xff\xea\xe0\xd5\xff\xd6\xcb\xb5\
\xff\xc7\xaf\x8b\xff\x9b\x78\x3a\xff\x9f\x7f\x4c\xff\x00\x00\x00\
\x00\x00\x00\x00\x00\xce\xbe\xa2\xef\xff\xff\xff\xff\xf8\xf8\xfa\
\xff\xfa\xfa\xf7\xff\xfb\xfa\xf3\xff\xc9\xb4\x99\xff\xc5\xb0\x90\
\xff\xc0\xa5\x84\xff\xc0\xa5\x84\xff\xc0\xa5\x84\xff\xb7\x9b\x70\
\xff\xa7\x89\x54\xff\x8a\x62\x20\xff\x00\x00\x00\x00\x00\x00\x00\
\x00\x00\x00\x00\x00\xd1\xbf\xa6\xff\xff\xff\xff\xff\xf9\xfb\xf9\
\xff\xf2\xee\xea\xff\xeb\xe3\xda\xff\xca\xb5\x98\xff\xf1\xea\xe5\
\xff\xb6\x99\x6c\xff\x9c\x77\x3b\xff\x00\x00\x00\x00\x00\x00\x00\
\x00\x00\x00\x00\x00\x00\x00\x00\x00\x00\x00\x00\x00\x00\x00\x00\
\x00\x00\x00\x00\x00\xd4\xc9\xb3\xff\xff\xff\xff\xff\xfc\xfa\xf5\
\xff\xed\xe6\xdc\xff\xdc\xd0\xc1\xff\xc0\xa7\x80\xff\xa9\x8c\x59\
\xff\x92\x69\x29\xff\x00\x00\x00\x00\x00\x00\x00\x00\x00\x00\x00\
\x00\x00\x00\x00\x00\x00\x00\x00\x00\x00\x00\x00\x00\x00\x00\x00\
\x00\x00\x00\x00\x00\xc6\xb2\x93\xff\xe9\xe2\xd7\xf4\xd6\xc6\xb3\
\xff\xc9\xba\x9c\xff\xbc\xa3\x7c\xff\xa3\x85\x4e\xfa\x92\x6c\x2b\
\xff\x00\x00\x00\x00\x00\x00\x00\x00\x00\x00\x00\x00\x00\x00\x00\
\x00\x00\x00\x00\x00\x00\x00\x00\x00\x00\x00\x00\x00\x00\x00\x00\
\x00\x00\x00\x00\x00\xfc\x00\x00\x00\xd8\x00\x00\x00\xc0\x00\x00\
\x00\xc0\x00\x00\x00\x00\x00\x00\x00\x00\x00\x00\x00\x00\x00\x00\
\x00\x00\x00\x00\x00\x00\x00\x00\x00\x00\x00\x00\x00\x00\x01\x00\
\x00\x00\x03\x00\x00\x00\x07\x00\x00\x00\x7f\x00\x00\x00\xff\x00\
\x00\x01\xff\x00\x00\
\x00\x00\x09\xf6\
\x00\
\x00\x01\x00\x02\x00\x10\x10\x00\x00\x01\x00\x08\x00\x68\x05\x00\
\x00\x26\x00\x00\x00\x10\x10\x00\x00\x01\x00\x20\x00\x68\x04\x00\
\x00\x8e\x05\x00\x00\x28\x00\x00\x00\x10\x00\x00\x00\x20\x00\x00\
\x00\x01\x00\x08\x00\x00\x00\x00\x00\x00\x00\x00\x00\x00\x00\x00\
\x00\x00\x00\x00\x00\x00\x00\x00\x00\x00\x00\x00\x00\x05\x05\xfc\
\x00\x68\x68\x68\x00\x6b\x6b\x6b\x00\x70\x70\x70\x00\x73\x73\x73\
\x00\x7a\x7a\x7a\x00\x80\x80\x80\x00\x89\x89\x89\x00\x8d\x8d\x8d\
\x00\x8e\x8e\x8e\x00\x91\x91\x91\x00\x92\x92\x92\x00\x93\x93\x93\
\x00\x96\x96\x96\x00\x98\x98\x98\x00\x99\x99\x99\x00\x9b\x9b\x9b\
\x00\x9c\x9c\x9c\x00\x9d\x9d\x9d\x00\x9e\x9e\x9e\x00\x9f\x9f\x9f\
\x00\xa0\xa0\xa0\x00\xa1\xa1\xa1\x00\xa2\xa2\xa2\x00\xa3\xa3\xa3\
\x00\xa4\xa4\xa4\x00\xa7\xa7\xa7\x00\xaa\xaa\xaa\x00\xb6\xb6\xb6\
\x00\xb9\xb9\xb9\x00\xba\xba\xba\x00\xbc\xbc\xbc\x00\xbd\xbd\xbd\
\x00\xbe\xbe\xbe\x00\xc1\xc1\xc1\x00\xc3\xc3\xc3\x00\xc4\xc4\xc4\
\x00\xc8\xc8\xc8\x00\xcc\xcc\xcc\x00\xce\xce\xce\x00\xcf\xcf\xcf\
\x00\xd1\xd1\xd1\x00\xd3\xd3\xd3\x00\xd4\xd4\xd4\x00\xd6\xd6\xd6\
\x00\xda\xda\xda\x00\xdb\xdb\xdb\x00\xdf\xdf\xdf\x00\xe0\xe0\xe0\
\x00\xec\xec\xec\x00\xf3\xf3\xf3\x00\xfb\xfb\xfb\x00\xff\xff\xff\
\x00\x00\x00\x00\x00\x00\x00\x00\x00\x00\x00\x00\x00\x00\x00\x00\
\x00\x00\x00\x00\x00\x00\x00\x00\x00\x00\x00\x00\x00\x00\x00\x00\
\x00\x00\x00\x00\x00\x00\x00\x00\x00\x00\x00\x00\x00\x00\x00\x00\
\x00\x00\x00\x00\x00\x00\x00\x00\x00\x00\x00\x00\x00\x00\x00\x00\
\x00\x00\x00\x00\x00\x00\x00\x00\x00\x00\x00\x00\x00\x00\x00\x00\
\x00\x00\x00\x00\x00\x00\x00\x00\x00\x00\x00\x00\x00\x00\x00\x00\
\x00\x00\x00\x00\x00\x00\x00\x00\x00\x00\x00\x00\x00\x00\x00\x00\
\x00\x00\x00\x00\x00\x00\x00\x00\x00\x00\x00\x00\x00\x00\x00\x00\
\x00\x00\x00\x00\x00\x00\x00\x00\x00\x00\x00\x00\x00\x00\x00\x00\
\x00\x00\x00\x00\x00\x00\x00\x00\x00\x00\x00\x00\x00\x00\x00\x00\
\x00\x00\x00\x00\x00\x00\x00\x00\x00\x00\x00\x00\x00\x00\x00\x00\
\x00\x00\x00\x00\x00\x00\x00\x00\x00\x00\x00\x00\x00\x00\x00\x00\
\x00\x00\x00\x00\x00\x00\x00\x00\x00\x00\x00\x00\x00\x00\x00\x00\
\x00\x00\x00\x00\x00\x00\x00\x00\x00\x00\x00\x00\x00\x00\x00\x00\
\x00\x00\x00\x00\x00\x00\x00\x00\x00\x00\x00\x00\x00\x00\x00\x00\
\x00\x00\x00\x00\x00\x00\x00\x00\x00\x00\x00\x00\x00\x00\x00\x00\
\x00\x00\x00\x00\x00\x00\x00\x00\x00\x00\x00\x00\x00\x00\x00\x00\
\x00\x00\x00\x00\x00\x00\x00\x00\x00\x00\x00\x00\x00\x00\x00\x00\
\x00\x00\x00\x00\x00\x00\x00\x00\x00\x00\x00\x00\x00\x00\x00\x00\
\x00\x00\x00\x00\x00\x00\x00\x00\x00\x00\x00\x00\x00\x00\x00\x00\
\x00\x00\x00\x00\x00\x00\x00\x00\x00\x00\x00\x00\x00\x00\x00\x00\
\x00\x00\x00\x00\x00\x00\x00\x00\x00\x00\x00\x00\x00\x00\x00\x00\
\x00\x00\x00\x00\x00\x00\x00\x00\x00\x00\x00\x00\x00\x00\x00\x00\
\x00\x00\x00\x00\x00\x00\x00\x00\x00\x00\x00\x00\x00\x00\x00\x00\
\x00\x00\x00\x00\x00\x00\x00\x00\x00\x00\x00\x00\x00\x00\x00\x00\
\x00\x00\x00\x00\x00\x00\x00\x00\x00\x00\x00\x00\x00\x00\x00\x00\
\x00\x00\x00\x00\x00\x00\x00\x00\x00\x00\x00\x00\x00\x00\x00\x00\
\x00\x00\x00\x00\x00\x00\x00\x00\x00\x00\x00\x00\x00\x00\x00\x00\
\x00\x00\x00\x00\x00\x00\x00\x00\x00\x00\x00\x00\x00\x00\x00\x00\
\x00\x00\x00\x00\x00\x00\x00\x00\x00\x00\x00\x00\x00\x00\x00\x00\
\x00\x00\x00\x00\x00\x00\x00\x00\x00\x00\x00\x00\x00\x00\x00\x00\
\x00\x00\x00\x00\x00\x00\x00\x00\x00\x00\x00\x00\x00\x00\x00\x00\
\x00\x00\x00\x00\x00\x00\x00\x00\x00\x00\x00\x00\x00\x00\x00\x00\
\x00\x00\x00\x00\x00\x00\x00\x00\x00\x00\x00\x00\x00\x00\x00\x00\
\x00\x00\x00\x00\x00\x00\x00\x00\x00\x00\x00\x00\x00\x00\x00\x00\
\x00\x00\x00\x00\x00\x00\x00\x00\x00\x00\x00\x00\x00\x00\x00\x00\
\x00\x00\x00\x00\x00\x00\x00\x00\x00\x00\x00\x00\x00\x00\x00\x00\
\x00\x00\x00\x00\x00\x00\x00\x00\x00\x00\x00\x00\x00\x00\x00\x00\
\x00\x00\x00\x00\x00\x00\x00\x00\x00\x00\x00\x00\x00\x00\x00\x00\
\x00\x00\x00\x00\x00\x00\x00\x00\x00\x00\x00\x00\x00\x00\x00\x00\
\x00\x00\x00\x00\x00\x00\x00\x00\x00\x00\x00\x00\x00\x00\x00\x00\
\x00\x00\x00\x00\x00\x00\x00\x00\x00\x00\x00\x00\x00\x00\x00\x00\
\x00\x00\x00\x00\x00\x00\x00\x00\x00\x00\x00\x00\x00\x00\x00\x00\
\x00\x00\x00\x00\x00\x00\x00\x00\x00\x00\x00\x00\x00\x00\x00\x00\
\x00\x00\x00\x00\x00\x00\x00\x00\x00\x00\x00\x00\x00\x00\x00\x00\
\x00\x00\x00\x00\x00\x00\x00\x00\x00\x00\x00\x00\x00\x00\x00\x00\
\x00\x00\x00\x00\x00\x00\x00\x00\x00\x00\x00\x00\x00\x00\x00\x00\
\x00\x00\x00\x00\x00\x00\x00\x00\x00\x00\x00\x00\x00\x00\x00\x00\
\x00\x00\x00\x00\x00\x00\x00\x00\x00\x00\x00\x00\x00\x00\x00\x00\
\x00\x00\x00\x00\x00\x00\x00\x00\x00\x00\x00\x00\x00\x00\x00\x00\
\x00\x00\x00\x00\x00\x00\x00\x00\x00\x00\x00\x00\x00\x00\x00\x00\
\x35\x35\x35\x35\x35\x35\x35\x35\x35\x35\x00\x00\x00\x00\x00\x00\
\x00\x35\x18\x17\x15\x14\x12\x10\x35\x00\x00\x00\x00\x00\x00\x00\
\x00\x00\x19\x19\x15\x14\x13\x12\x00\x00\x00\x00\x00\x35\x00\x00\
\x00\x00\x00\x0c\x0c\x0c\x0c\x00\x00\x00\x00\x00\x35\x35\x21\x00\
\x00\x00\x00\x00\x04\x04\x00\x00\x00\x00\x00\x0f\x35\x26\x01\x1e\
\x00\x00\x00\x00\x00\x00\x00\x00\x00\x00\x08\x03\x0f\x1f\x32\x34\
\x31\x00\x00\x00\x00\x00\x00\x00\x00\x23\x29\x1d\x0b\x31\x34\x34\
\x2e\x20\x00\x00\x00\x00\x00\x00\x0d\x17\x29\x27\x1d\x0e\x34\x34\
\x2f\x2b\x00\x00\x00\x00\x00\x00\x11\x1b\x2a\x2a\x06\x2e\x02\x07\
\x33\x00\x00\x00\x00\x00\x00\x00\x00\x30\x0a\x03\x13\x2d\x2c\x06\
\x00\x00\x00\x00\x00\x00\x00\x00\x00\x00\x05\x13\x13\x35\x2d\x00\
\x00\x00\x00\x00\x09\x09\x00\x00\x00\x00\x00\x17\x35\x35\x00\x00\
\x00\x00\x00\x1a\x16\x16\x19\x00\x00\x00\x00\x00\x35\x00\x00\x00\
\x00\x00\x28\x26\x24\x22\x1e\x1c\x00\x00\x00\x00\x00\x00\x00\x00\
\x00\x35\x29\x27\x25\x23\x21\x1d\x35\x00\x00\x00\x00\x00\x00\x00\
\x35\x35\x35\x35\x35\x35\x35\x35\x35\x35\x00\x00\x00\x1f\xf8\x00\
\x00\x08\x10\x00\x00\x00\x00\x00\x00\x80\x01\x00\x00\x80\x01\x00\
\x00\x00\x00\x00\x00\x00\x00\x00\x00\x00\x00\x00\x00\x00\x00\x00\
\x00\x00\x00\x00\x00\x00\x00\x00\x00\x80\x01\x00\x00\x80\x01\x00\
\x00\x00\x00\x00\x00\x08\x10\x00\x00\x1f\xf8\x00\x00\x28\x00\x00\
\x00\x10\x00\x00\x00\x20\x00\x00\x00\x01\x00\x20\x00\x00\x00\x00\
\x00\x00\x00\x00\x00\x00\x00\x00\x00\x00\x00\x00\x00\x00\x00\x00\
\x00\x00\x00\x00\x00\x05\x05\xfc\xff\x05\x05\xfc\xff\x05\x05\xfc\
\xff\x00\x00\x00\x00\x00\x00\x00\x00\x00\x00\x00\x00\x00\x00\x00\
\x00\x00\x00\x00\x00\x00\x00\x00\x00\x00\x00\x00\x00\x00\x00\x00\
\x00\x00\x00\x00\x00\x00\x00\x00\x00\x05\x05\xfc\xff\x05\x05\xfc\
\xff\x05\x05\xfc\xff\x05\x05\xfc\xff\x05\x05\xfc\xff\x05\x05\xfc\
\xff\x05\x05\xfc\xff\xa5\xa5\xa5\x33\xa3\xa3\xa3\xae\xa2\xa2\xa2\
\xe4\xa0\xa0\xa0\xe1\x9e\x9e\x9e\xe1\x9d\x9d\x9d\xe4\x9b\x9b\x9b\
\xae\x9a\x9a\x9a\x33\x05\x05\xfc\xff\x05\x05\xfc\xff\x05\x05\xfc\
\xff\x05\x05\xfc\xff\x05\x05\xfc\xff\x05\x05\xfc\xff\x05\x05\xfc\
\xff\x05\x05\xfc\xff\x05\x05\xfc\xff\xa7\xa7\xa7\xff\xa5\xa5\xa5\
\xff\xa3\xa3\xa3\xff\xa2\xa2\xa2\xff\xa0\xa0\xa0\xff\x9e\x9e\x9e\
\xff\x05\x05\xfc\xff\x05\x05\xfc\xff\x05\x05\xfc\xff\x05\x05\xfc\
\xff\x05\x05\xfc\xff\x00\x00\x00\x00\x05\x05\xfc\xff\x05\x05\xfc\
\xff\x05\x05\xfc\xff\x05\x05\xfc\xff\x05\x05\xfc\xff\x96\x96\x96\
\xff\x97\x97\x97\xff\x97\x97\x97\xff\x98\x98\x98\xff\x05\x05\xfc\
\xff\x05\x05\xfc\xff\x05\x05\xfc\xff\x05\x05\xfc\xff\x05\x05\xfc\
\xff\x00\x00\x00\x00\xc6\xc6\xc6\x03\xc7\xc7\xc7\xe6\x05\x05\xfc\
\xff\x05\x05\xfc\xff\x05\x05\xfc\xff\x05\x05\xfc\xff\x05\x05\xfc\
\xff\x7f\x7f\x7f\xff\x7c\x7c\x7c\xff\x05\x05\xfc\xff\x05\x05\xfc\
\xff\x05\x05\xfc\xff\x05\x05\xfc\xff\x05\x05\xfc\xff\x9d\x9d\x9d\
\xe6\x99\x99\x99\x02\xce\xce\xce\x72\x86\x86\x86\xff\xa3\xa3\xa3\
\xff\x05\x05\xfc\xff\x05\x05\xfc\xff\x05\x05\xfc\xff\x05\x05\xfc\
\xff\x05\x05\xfc\xff\x05\x05\xfc\xff\x05\x05\xfc\xff\x05\x05\xfc\
\xff\x05\x05\xfc\xff\x05\x05\xfc\xff\x88\x88\x88\xff\x79\x79\x79\
\xff\x9a\x9a\x9a\x70\xa0\xa0\xa0\xe3\xda\xda\xda\xff\xff\xff\xff\
\xff\xf6\xf6\xf6\xff\x05\x05\xfc\xff\x05\x05\xfc\xff\x05\x05\xfc\
\xff\x05\x05\xfc\xff\x05\x05\xfc\xff\x05\x05\xfc\xff\x05\x05\xfc\
\xff\x05\x05\xfc\xff\xcd\xcd\xcd\xff\xdd\xdd\xdd\xff\xae\xae\xae\
\xff\x82\x82\x82\xe3\xe3\xe3\xe3\xf8\xff\xff\xff\xff\xff\xff\xff\
\xff\xe3\xe3\xe3\xff\xb5\xb5\xb5\xff\x05\x05\xfc\xff\x05\x05\xfc\
\xff\x05\x05\xfc\xff\x05\x05\xfc\xff\x05\x05\xfc\xff\x05\x05\xfc\
\xff\x99\x99\x99\xff\xb0\xb0\xb0\xff\xd8\xd8\xd8\xff\xde\xde\xde\
\xff\xb6\xb6\xb6\xf8\xaa\xaa\xaa\xf8\xe5\xe5\xe5\xff\xff\xff\xff\
\xff\xee\xee\xee\xff\xda\xda\xda\xff\x05\x05\xfc\xff\x05\x05\xfc\
\xff\x05\x05\xfc\xff\x05\x05\xfc\xff\x05\x05\xfc\xff\x05\x05\xfc\
\xff\xb4\xb4\xb4\xff\xbe\xbe\xbe\xff\xe9\xe9\xe9\xff\xc9\xc9\xc9\
\xff\x8e\x8e\x8e\xf8\xd2\xd2\xd2\xe3\x7a\x7a\x7a\xff\xb6\xb6\xb6\
\xff\xfc\xfc\xfc\xff\x05\x05\xfc\xff\x05\x05\xfc\xff\x05\x05\xfc\
\xff\x05\x05\xfc\xff\x05\x05\xfc\xff\x05\x05\xfc\xff\x05\x05\xfc\
\xff\x05\x05\xfc\xff\xe8\xe8\xe8\xff\xb4\xb4\xb4\xff\x78\x78\x78\
\xff\x97\x97\x97\xe3\xe1\xe1\xe1\x70\xda\xda\xda\xff\x81\x81\x81\
\xff\x05\x05\xfc\xff\x05\x05\xfc\xff\x05\x05\xfc\xff\x05\x05\xfc\
\xff\x05\x05\xfc\xff\x05\x05\xfc\xff\x05\x05\xfc\xff\x05\x05\xfc\
\xff\x05\x05\xfc\xff\x05\x05\xfc\xff\x76\x76\x76\xff\x9d\x9d\x9d\
\xff\xa1\xa1\xa1\x70\xda\xda\xda\x02\xde\xde\xde\xe6\x05\x05\xfc\
\xff\x05\x05\xfc\xff\x05\x05\xfc\xff\x05\x05\xfc\xff\x05\x05\xfc\
\xff\x9f\x9f\x9f\xff\xa4\xa4\xa4\xff\x05\x05\xfc\xff\x05\x05\xfc\
\xff\x05\x05\xfc\xff\x05\x05\xfc\xff\x05\x05\xfc\xff\xa4\xa4\xa4\
\xe6\xa1\xa1\xa1\x02\x00\x00\x00\x00\x05\x05\xfc\xff\x05\x05\xfc\
\xff\x05\x05\xfc\xff\x05\x05\xfc\xff\x05\x05\xfc\xff\xab\xab\xab\
\xff\xa4\xa4\xa4\xff\xa3\xa3\xa3\xff\xa4\xa4\xa4\xff\x05\x05\xfc\
\xff\x05\x05\xfc\xff\x05\x05\xfc\xff\x05\x05\xfc\xff\x05\x05\xfc\
\xff\x00\x00\x00\x00\x05\x05\xfc\xff\x05\x05\xfc\xff\x05\x05\xfc\
\xff\x05\x05\xfc\xff\x05\x05\xfc\xff\xd3\xd3\xd3\xff\xd1\xd1\xd1\
\xff\xcb\xcb\xcb\xff\xc6\xc6\xc6\xff\xbe\xbe\xbe\xff\xb7\xb7\xb7\
\xff\x05\x05\xfc\xff\x05\x05\xfc\xff\x05\x05\xfc\xff\x05\x05\xfc\
\xff\x05\x05\xfc\xff\x05\x05\xfc\xff\x05\x05\xfc\xff\x05\x05\xfc\
\xff\x05\x05\xfc\xff\xd4\xd4\xd4\x33\xd1\xd1\xd1\xae\xcd\xcd\xcd\
\xe4\xc8\xc8\xc8\xe1\xc2\xc2\xc2\xe1\xbe\xbe\xbe\xe4\xb9\xb9\xb9\
\xae\xb1\xb1\xb1\x33\x05\x05\xfc\xff\x05\x05\xfc\xff\x05\x05\xfc\
\xff\x05\x05\xfc\xff\x05\x05\xfc\xff\x05\x05\xfc\xff\x05\x05\xfc\
\xff\x00\x00\x00\x00\x00\x00\x00\x00\x00\x00\x00\x00\x00\x00\x00\
\x00\x00\x00\x00\x00\x00\x00\x00\x00\x00\x00\x00\x00\x00\x00\x00\
\x00\x00\x00\x00\x00\x00\x00\x00\x00\x05\x05\xfc\xff\x05\x05\xfc\
\xff\x05\x05\xfc\xff\x1f\xf8\x00\x00\x00\x00\x00\x00\x00\x00\x00\
\x00\x80\x01\x00\x00\x00\x00\x00\x00\x00\x00\x00\x00\x00\x00\x00\
\x00\x00\x00\x00\x00\x00\x00\x00\x00\x00\x00\x00\x00\x00\x00\x00\
\x00\x00\x00\x00\x00\x80\x01\x00\x00\x00\x00\x00\x00\x00\x00\x00\
\x00\x1f\xf8\x00\x00\
\x00\x00\x09\xf6\
\x00\
\x00\x01\x00\x02\x00\x10\x10\x00\x00\x01\x00\x08\x00\x68\x05\x00\
\x00\x26\x00\x00\x00\x10\x10\x00\x00\x01\x00\x20\x00\x68\x04\x00\
\x00\x8e\x05\x00\x00\x28\x00\x00\x00\x10\x00\x00\x00\x20\x00\x00\
\x00\x01\x00\x08\x00\x00\x00\x00\x00\x40\x01\x00\x00\x00\x00\x00\
\x00\x00\x00\x00\x00\x00\x01\x00\x00\x00\x00\x00\x00\x00\x00\x00\
\x00\x00\x00\x00\x00\x2a\x86\x32\x00\x2b\x6c\x28\x00\x6b\xda\xa6\
\x00\x00\x00\x00\x00\x2b\x68\x28\x00\x2c\x92\x37\x00\x3c\xc1\x5d\
\x00\x00\x00\x00\x00\x00\x00\x00\x00\x49\x95\x4d\x00\x2e\x69\x29\
\x00\x67\xd1\x91\x00\x00\x00\x00\x00\x35\xbe\x65\x00\x00\x00\x00\
\x00\x00\x00\x00\x00\x00\x00\x00\x00\x2c\x72\x2b\x00\x42\xc5\x75\
\x00\x3b\xbe\x5b\x00\x00\x00\x00\x00\x00\x00\x00\x00\x00\x00\x00\
\x00\x6c\xd6\x9d\x00\x38\xbd\x63\x00\x00\x00\x00\x00\x37\xbe\x66\
\x00\x39\xb7\x57\x00\x39\xba\x5b\x00\x6c\xd6\xa0\x00\x00\x00\x00\
\x00\x6b\xdb\xa8\x00\x00\x00\x00\x00\x30\xa6\x47\x00\x64\xb9\x76\
\x00\x00\x00\x00\x00\x39\xb8\x5a\x00\x43\x9a\x4a\x00\x33\x95\x40\
\x00\x3d\xac\x51\x00\x3a\xb9\x58\x00\x00\x00\x00\x00\x00\x00\x00\
\x00\x2b\x74\x2b\x00\x2c\x74\x2c\x00\x6b\xd6\xa0\x00\x6e\xd3\x99\
\x00\x00\x00\x00\x00\x00\x00\x00\x00\x69\xd5\x9e\x00\x2e\xa4\x45\
\x00\x00\x00\x00\x00\x00\x00\x00\x00\x41\xc5\x72\x00\x36\xbe\x66\
\x00\x31\x9f\x43\x00\x6b\xd9\xa5\x00\x00\x00\x00\x00\x2e\x79\x2c\
\x00\x39\xb9\x5b\x00\x79\xdf\xb2\x00\x00\x00\x00\x00\x00\x00\x00\
\x00\x00\x00\x00\x00\x00\x00\x00\x00\x00\x00\x00\x00\x00\x00\x00\
\x00\x00\x00\x00\x00\x00\x00\x00\x00\x36\xb7\x57\x00\x6f\xd9\xa6\
\x00\x00\x00\x00\x00\x00\x00\x00\x00\x00\x00\x00\x00\x00\x00\x00\
\x00\x68\xd5\x9a\x00\x37\xa7\x4a\x00\x00\x00\x00\x00\x40\xa0\x4d\
\x00\x00\x00\x00\x00\x36\xc2\x69\x00\x00\x00\x00\x00\x00\x00\x00\
\x00\x49\xc7\x78\x00\x00\x00\x00\x00\x00\x00\x00\x00\x93\xe6\xbf\
\x00\x00\x00\x00\x00\x00\x00\x00\x00\x00\x00\x00\x00\x90\xe8\xc8\
\x00\x00\x00\x00\x00\x39\xb8\x5f\x00\x00\x00\x00\x00\x00\x00\x00\
\x00\x00\x00\x00\x00\x00\x00\x00\x00\x33\xbd\x64\x00\x32\x77\x31\
\x00\x00\x00\x00\x00\x39\x9b\x46\x00\x32\xc0\x66\x00\x00\x00\x00\
\x00\x00\x00\x00\x00\x00\x00\x00\x00\x6a\xd9\xa4\x00\x49\x9e\x54\
\x00\x5e\xcd\x89\x00\x3e\x8e\x41\x00\x00\x00\x00\x00\x00\x00\x00\
\x00\x3d\x9d\x48\x00\x68\xd2\x95\x00\x37\xbf\x67\x00\x3a\xbe\x5e\
\x00\x00\x00\x00\x00\x00\x00\x00\x00\x6a\xd7\xa1\x00\x36\xab\x50\
\x00\x3c\xa9\x51\x00\x00\x00\x00\x00\x2a\x69\x28\x00\x00\x00\x00\
\x00\x00\x00\x00\x00\x00\x00\x00\x00\x3c\xac\x4f\x00\x00\x00\x00\
\x00\x39\xc1\x66\x00\x00\x00\x00\x00\x45\xb4\x5e\x00\x39\xba\x58\
\x00\x00\x00\x00\x00\x3a\xbb\x59\x00\xa6\xed\xd6\x00\x31\x89\x35\
\x00\x66\xdc\xa7\x00\x38\x87\x3a\x00\x00\x00\x00\x00\x28\x65\x23\
\x00\x00\x00\x00\x00\x38\xb4\x51\x00\x00\x00\x00\x00\x6e\xdc\xaa\
\x00\x00\x00\x00\x00\x91\xe5\xc1\x00\x00\x00\x00\x00\x56\xca\x81\
\x00\x00\x00\x00\x00\x00\x00\x00\x00\x00\x00\x00\x00\x00\x00\x00\
\x00\x00\x00\x00\x00\x00\x00\x00\x00\x2f\x84\x35\x00\x00\x00\x00\
\x00\x2b\x98\x3e\x00\x00\x00\x00\x00\x00\x00\x00\x00\x00\x00\x00\
\x00\x63\xd0\x8e\x00\x95\xe2\xbf\x00\x32\x98\x40\x00\x00\x00\x00\
\x00\x00\x00\x00\x00\x32\x9b\x44\x00\x34\xb3\x57\x00\x00\x00\x00\
\x00\x37\x90\x40\x00\x00\x00\x00\x00\x00\x00\x00\x00\x63\xcf\x84\
\x00\x00\x00\x00\x00\x90\xd9\xae\x00\x00\x00\x00\x00\x00\x00\x00\
\x00\x60\xc1\x7b\x00\x3a\xc0\x61\x00\x6e\xe0\xaf\x00\x00\x00\x00\
\x00\xa2\xe8\xc5\x00\x00\x00\x00\x00\x3a\xb7\x57\x00\x5d\xaf\x6a\
\x00\x00\x00\x00\x00\x00\x00\x00\x00\x2e\x95\x3b\x00\x00\x00\x00\
\x00\x68\xc7\x85\x00\x00\x00\x00\x00\x00\x00\x00\x00\x80\xd8\x99\
\x00\x00\x00\x00\x00\x80\xdb\x9e\x00\xa7\xdf\xbe\x00\x00\x00\x00\
\x00\x00\x00\x00\x00\x00\x00\x00\x00\x00\x00\x00\x00\x00\x00\x00\
\x00\x00\x00\x00\x00\x00\x00\x00\x00\x00\x00\x00\x00\x00\x00\x00\
\x00\x6d\xd4\x98\x00\x00\x00\x00\x00\x00\x00\x00\x00\x6e\xda\xa2\
\x00\x59\xcd\x89\x00\x40\xc6\x68\x00\x37\xaa\x4b\x00\x49\xc8\x7a\
\x00\x00\x00\x00\x00\x00\x00\x00\x00\x2a\x67\x27\x00\x00\x00\x00\
\x00\x34\xb9\x57\x00\x2c\x74\x2b\x00\x84\xd2\x9f\x00\x00\x00\x00\
\x00\x6c\xd3\x94\x00\x39\xbd\x5c\x00\x3a\xbd\x5d\x00\x00\x00\x00\
\x00\x00\x00\x00\x00\x00\x00\x00\x00\x4f\xaf\x61\x00\x6b\xd5\x9f\
\x00\x00\x00\x00\x00\x00\x00\x00\x00\x00\x00\x00\x00\x6b\xd7\xa1\
\x00\x00\x00\x00\x00\x35\xae\x53\x00\x34\x7b\x32\x00\x00\x00\x00\
\x00\x00\x00\x00\x00\x00\x00\x00\x00\x29\x69\x27\x00\x2a\x6f\x28\
\x00\x00\x00\x00\x00\x37\xbb\x5c\x00\x00\x00\x00\x00\x00\x00\x00\
\x00\x39\xbb\x5c\x00\x85\xe6\xbc\x00\x00\x00\x00\x00\x00\x00\x00\
\x00\x38\xbf\x67\x00\x00\x00\x00\x00\x00\x00\x00\x00\x00\x00\x00\
\x00\x38\xbe\x63\x00\x39\xbb\x5e\x00\xff\xff\xff\x00\x00\x00\x00\
\xda\xda\xda\xda\x00\x00\x00\x0c\x0c\x0c\x00\x00\x00\x00\x00\xef\
\x4e\x4e\x4e\x08\xd7\x00\xeb\xd2\x8e\xa3\x0c\x00\x00\x00\x00\x8c\
\x15\x84\xb7\x86\x06\x00\xeb\xc0\x1d\x2a\x9b\x00\x00\x00\x00\x8c\
\xac\x47\x26\x74\x7b\x03\x0c\x83\x26\x3d\x06\x00\x00\x00\x00\x8c\
\xc2\xd9\x1e\xf5\xa6\x28\x78\xde\x1e\xdf\xf0\x00\x00\x00\x2d\x2e\
\xb1\xf2\xfe\xfe\xfe\xfe\xfe\xfe\xfe\xb2\x2e\x13\x00\x3c\xa7\xa7\
\x5e\xfd\x1a\x1a\x1a\x1a\x1a\x1a\x1a\x81\xea\xea\x64\x0b\x0d\x94\
\x63\x0f\x38\x1c\x73\xf9\x1c\x1c\x0f\x0f\x55\x6d\x6c\x6e\x72\xcd\
\xdd\xa1\xd4\x37\x52\x67\x14\x37\xd1\x0d\x30\x30\x8a\x00\x27\x88\
\xb5\x4d\x19\x19\x19\x19\x19\x19\x19\xd0\xb8\xc3\x02\x00\x00\xbb\
\x58\x33\x1f\x2f\xe8\x77\x33\xe4\x1f\x48\x02\xa9\x00\x00\x00\xbb\
\x3e\x6b\x90\xe3\x07\x07\x24\x92\x3a\x04\x07\x00\x00\x00\x00\x9d\
\x89\x21\xb3\x71\x00\x00\x66\xf6\x21\x21\x50\x00\x00\x00\x00\x39\
\xbd\xae\x87\x71\x00\x00\x66\x5c\xa2\xdb\x79\x00\x00\x00\x00\x00\
\x34\x34\x7f\xd3\x00\x00\x29\x7f\x23\x23\x00\x00\x00\x00\x00\x00\
\x00\x00\x00\x00\x00\x00\x00\x00\x00\x00\x00\x00\x00\xe1\xc7\x00\
\x00\xc0\x83\x00\x00\xc0\x83\x00\x00\xc0\x03\x00\x00\xc0\x03\x00\
\x00\x80\x01\x00\x00\x00\x00\x00\x00\x00\x00\x00\x00\x00\x00\x00\
\x00\x80\x00\x00\x00\xc0\x01\x00\x00\xc0\x03\x00\x00\xc1\x83\x00\
\x00\xc1\x83\x00\x00\xe1\x87\x00\x00\xff\xff\x00\x00\x28\x00\x00\
\x00\x10\x00\x00\x00\x20\x00\x00\x00\x01\x00\x20\x00\x00\x00\x00\
\x00\x40\x04\x00\x00\x00\x00\x00\x00\x00\x00\x00\x00\x00\x00\x00\
\x00\x00\x00\x00\x00\x00\x00\x00\x00\x00\x00\x00\x00\x28\x64\x22\
\x32\x26\x5e\x1f\xba\x2b\x67\x26\xce\x2b\x6d\x28\xcf\x2d\x70\x2c\
\xda\x2a\x68\x26\x53\x00\x00\x00\x00\x2f\x6f\x2c\x9e\x29\x6d\x28\
\xd4\x2d\x6e\x29\xd0\x29\x65\x25\xca\x29\x61\x23\x45\x00\x00\x00\
\x00\x00\x00\x00\x00\x00\x00\x00\x00\x00\x00\x00\x00\x2b\x65\x26\
\x99\x28\x6a\x25\xff\x2d\x82\x33\xff\x34\x94\x3f\xff\x35\xa2\x47\
\xff\x2b\x6f\x29\xbe\x22\x5c\x1d\x0f\x43\x89\x46\xff\x3e\xad\x54\
\xff\x32\x9e\x43\xff\x2e\x7e\x32\xff\x2a\x62\x24\xca\x00\x00\x00\
\x00\x00\x00\x00\x00\x00\x00\x00\x00\x00\x00\x00\x00\x42\x80\x41\
\xef\x57\xcc\x75\xff\x35\xbf\x58\xff\x3c\xc5\x61\xff\x38\xb4\x53\
\xff\x29\x64\x25\x84\x00\x00\x00\x00\x37\x73\x34\xc8\x72\xda\x8d\
\xff\x2f\xbd\x53\xff\x3f\xc9\x63\xff\x32\x95\x3f\xff\x00\x00\x00\
\x00\x00\x00\x00\x00\x00\x00\x00\x00\x00\x00\x00\x00\x28\x64\x22\
\x62\x5a\xbc\x72\xff\x3a\xbe\x5d\xff\x3a\xbf\x5d\xff\x35\xa1\x4a\
\xff\x28\x56\x1c\x8b\x2a\x66\x24\x37\x26\x5c\x1d\xb9\x4b\xb7\x63\
\xff\x35\xb7\x58\xff\x3b\xc5\x60\xff\x2f\x81\x35\xff\x00\x00\x00\
\x00\x00\x00\x00\x00\x00\x00\x00\x00\x00\x00\x00\x00\x1a\x5a\x13\
\x2e\x63\xb6\x76\xff\x3d\xc4\x64\xff\x38\xb9\x5b\xff\x3a\xbe\x5f\
\xff\x37\xac\x50\xff\x34\xa0\x48\xff\x36\xad\x51\xff\x37\xbe\x5c\
\xff\x3b\xbd\x5e\xff\x39\xba\x5b\xff\x2c\x75\x2c\x9a\x00\x00\x00\
\x00\x00\x00\x00\x00\x2c\x74\x28\x7e\x2a\x70\x28\x92\x25\x61\x1b\
\x8a\x51\xa5\x5e\xff\x3c\xc3\x64\xff\x38\xba\x5d\xff\x39\xbb\x5e\
\xff\x3b\xc0\x61\xff\x3b\xc2\x63\xff\x3b\xc0\x61\xff\x39\xba\x5d\
\xff\x3b\xc1\x62\xff\x37\xaf\x54\xff\x29\x66\x21\x72\x2b\x70\x28\
\xa8\x2c\x70\x2a\x9b\x38\x87\x3a\xff\x3b\xc1\x65\xff\x2a\x99\x3f\
\xff\x35\xad\x55\xff\x37\xc2\x65\xff\x38\xbd\x62\xff\x38\xbd\x62\
\xff\x38\xbd\x62\xff\x38\xbd\x62\xff\x38\xbd\x62\xff\x38\xbd\x62\
\xff\x3a\xc1\x65\xff\x36\xb3\x5a\xff\x2e\x89\x38\xff\x30\xc0\x5e\
\xff\x2c\x86\x36\xff\x5e\xa8\x6a\xf3\x71\xe1\xa2\xff\x3d\xc9\x71\
\xff\x2d\xc0\x61\xff\x31\xbd\x62\xff\x32\xbd\x61\xff\x32\xbc\x60\
\xff\x31\xbd\x60\xff\x31\xbd\x5f\xff\x32\xbc\x60\xff\x33\xbd\x60\
\xff\x32\xbd\x61\xff\x31\xbf\x64\xff\x39\xcb\x71\xff\x5d\xdb\x92\
\xff\x4e\xa7\x5f\xf3\x62\xaa\x6f\xff\xa1\xf6\xd2\xff\x86\xe1\xb1\
\xff\x83\xdb\xa9\xff\x62\xcf\x8e\xff\x55\xcc\x85\xff\x4f\xca\x81\
\xff\x4a\xc8\x7c\xff\x47\xc6\x79\xff\x50\xca\x82\xff\x52\xc9\x83\
\xff\x5f\xcf\x8e\xff\x6d\xd4\x9a\xff\x87\xe0\xb0\xff\x7d\xe7\xb2\
\xff\x4b\xa1\x5a\xfc\x3d\x90\x45\xc2\x69\xb9\x7b\xff\x45\x95\x4a\
\xff\x90\xd1\xa8\xff\x74\xdc\xa8\xff\x73\xd8\xa2\xff\x72\xd7\xa2\
\xff\x74\xda\xa7\xff\x75\xda\xa7\xff\x6e\xd7\x9f\xff\x73\xd7\xa1\
\xff\x73\xdc\xa6\xff\x62\xc9\x8b\xff\x6f\xb7\x7b\xff\x9f\xe7\xc2\
\xff\x3e\x99\x4b\xd8\x00\x00\x00\x00\x00\x00\x00\x00\x1a\x78\x1a\
\x42\x77\xcc\x99\xff\x73\xde\xab\xff\x6a\xd6\x9f\xff\x78\xe1\xb3\
\xff\x73\xd6\xa1\xff\x76\xd8\xa5\xff\x8c\xe5\xbf\xff\x67\xd5\x9d\
\xff\x6e\xda\xa6\xff\x6a\xd1\x98\xff\x29\x88\x2f\xb6\x29\x85\x2e\
\xb2\x2b\x88\x34\x31\x00\x00\x00\x00\x00\x00\x00\x00\x35\x97\x40\
\x6a\x79\xd8\xa5\xff\x6b\xdd\xa9\xff\x6e\xdd\xab\xff\x56\xb6\x6e\
\xff\x3c\x98\x44\xba\x3b\x97\x43\xb7\x77\xbf\x88\xff\x85\xe3\xba\
\xff\x67\xd8\xa2\xff\x74\xe1\xaf\xff\x3b\xa0\x4d\xc5\x00\x00\x00\
\x00\x00\x00\x00\x00\x00\x00\x00\x00\x00\x00\x00\x00\x52\xae\x64\
\xd6\x94\xef\xce\xff\x64\xde\xab\xff\x67\xe0\xae\xff\x36\x9c\x45\
\xcc\x00\x00\x00\x00\x00\x00\x00\x00\x35\x9d\x47\xce\x77\xe4\xb8\
\xff\x5f\xda\xa4\xff\x75\xeb\xc3\xff\x5e\xc0\x80\xff\x00\x00\x00\
\x00\x00\x00\x00\x00\x00\x00\x00\x00\x00\x00\x00\x00\x3e\xaa\x53\
\xca\x7c\xd0\x9c\xff\x90\xe1\xba\xff\xa0\xf1\xd9\xff\x73\xcf\x99\
\xff\x2c\x9e\x3c\x20\x2d\xa0\x3f\x46\x8a\xdd\xb3\xff\x8d\xed\xcf\
\xff\x88\xe3\xbf\xff\x7b\xd4\xa2\xff\x4e\xb7\x69\xff\x00\x00\x00\
\x00\x00\x00\x00\x00\x00\x00\x00\x00\x00\x00\x00\x00\x32\xa2\x46\
\x0a\x2f\xa5\x43\x64\x3e\xab\x52\xc4\x50\xb5\x63\xe7\x41\xaf\x57\
\xce\x00\x00\x00\x00\x34\xa9\x4b\x2d\x48\xb3\x5f\xf1\x4d\xb5\x62\
\xe3\x43\xb0\x58\xe5\x34\xa5\x47\xc5\x33\xa3\x47\x3d\x00\x00\x00\
\x00\x00\x00\x00\x00\x00\x00\x00\x00\x00\x00\x00\x00\x00\x00\x00\
\x00\x00\x00\x00\x00\x00\x00\x00\x00\x00\x00\x00\x00\x00\x00\x00\
\x00\x00\x00\x00\x00\x00\x00\x00\x00\x00\x00\x00\x00\x00\x00\x00\
\x00\x00\x00\x00\x00\x00\x00\x00\x00\x00\x00\x00\x00\x00\x00\x00\
\x00\x00\x00\x00\x00\xc0\x83\x00\x00\xc0\x03\x00\x00\xc0\x83\x00\
\x00\xc0\x03\x00\x00\xc0\x03\x00\x00\x00\x00\x00\x00\x00\x00\x00\
\x00\x00\x00\x00\x00\x00\x00\x00\x00\x00\x00\x00\x00\xc0\x00\x00\
\x00\xc0\x03\x00\x00\xc1\x83\x00\x00\xc0\x03\x00\x00\xc1\x03\x00\
\x00\xff\xff\x00\x00\
\x00\x00\x04\x7e\
\x00\
\x00\x01\x00\x01\x00\x10\x10\x00\x00\x01\x00\x20\x00\x68\x04\x00\
\x00\x16\x00\x00\x00\x28\x00\x00\x00\x10\x00\x00\x00\x20\x00\x00\
\x00\x01\x00\x20\x00\x00\x00\x00\x00\x00\x00\x00\x00\x00\x00\x00\
\x00\x00\x00\x00\x00\x00\x00\x00\x00\x00\x00\x00\x00\x00\x00\x00\
\x00\x00\x00\x00\x00\x00\x00\x00\x00\x00\x00\x00\x00\x00\x00\x00\
\x00\x00\x00\x00\x00\x00\x00\x00\x00\x00\x00\x00\x00\x00\x00\x00\
\x00\x00\x00\x00\x00\x00\x00\x00\x00\x00\x00\x00\x00\x00\x00\x00\
\x00\x00\x00\x00\x00\x00\x00\x00\x00\x00\x00\x00\x00\x00\x00\x00\
\x00\x00\x00\x00\x00\x00\x00\x00\x00\x00\x00\x00\x00\x00\x00\x00\
\x00\x00\x00\x00\x00\x00\x00\x00\x00\x00\x00\x00\x00\x00\x00\x00\
\x00\x00\x00\x00\x00\x00\x00\x00\x00\x00\x00\x00\x00\x00\x00\x00\
\x00\x00\x00\x00\x00\x00\x00\x00\x00\x00\x00\x00\x00\x00\x00\x00\
\x00\x00\x00\x00\x00\x00\x00\x00\x00\x00\x00\x00\x00\x00\x00\x00\
\x00\x00\x00\x00\x00\x00\x00\x00\x00\x00\x00\x00\x00\x00\x00\x00\
\x00\x00\x00\x00\x00\x00\x00\x00\x00\x00\x00\x00\x00\x00\x00\x00\
\x00\x00\x00\x00\x00\x00\x00\x00\x00\x00\x00\x00\x00\x00\x00\x00\
\x00\x00\x00\x00\x00\x00\x00\x00\x00\x00\x00\x00\x00\x00\x00\x00\
\x00\x00\x00\x00\x00\x00\x00\x00\x00\x00\x00\x00\x00\x00\x00\x00\
\x00\x00\x00\x00\x00\x00\x00\x00\x00\x00\x00\x00\x00\x00\x00\x00\
\x00\x00\x00\x00\x00\x00\x00\x00\x00\x00\x00\x00\x00\x00\x00\x00\
\x00\x00\x00\x00\x00\x00\x00\x00\x00\x06\x05\x8c\x35\x09\x07\xb1\
\x9e\x05\x05\x8b\x5c\x02\x02\x56\x05\x00\x00\x00\x00\x00\x00\x00\
\x00\x00\x00\x00\x00\x03\x03\x6c\x23\x0a\x07\xae\xc0\x03\x02\x6e\
\x31\x00\x00\x00\x00\x00\x00\x00\x00\x00\x00\x00\x00\x00\x00\x00\
\x00\x00\x00\x00\x00\x00\x00\x00\x00\x0e\x0d\x9e\x87\x10\x0e\xf2\
\xff\x0c\x0b\xd9\xf3\x05\x04\x7c\x3d\x00\x00\x00\x00\x00\x00\x00\
\x00\x05\x04\x82\x0e\x0a\x09\xaf\xac\x0a\x08\xb7\xc3\x03\x02\x62\
\x0f\x00\x00\x00\x00\x00\x00\x00\x00\x00\x00\x00\x00\x00\x00\x00\
\x00\x00\x00\x00\x00\x00\x00\x00\x00\x0f\x0f\x9a\x50\x1b\x1c\xe0\
\xef\x0f\x11\xf4\xff\x0c\x0d\xc7\xbd\x07\x07\x9e\x17\x0e\x0d\xbd\
\x0b\x0c\x0d\xbd\x87\x11\x12\xe8\xfb\x09\x08\xa7\x66\x00\x00\x00\
\x00\x00\x00\x00\x00\x00\x00\x00\x00\x00\x00\x00\x00\x00\x00\x00\
\x00\x00\x00\x00\x00\x00\x00\x00\x00\x00\x00\x81\x04\x15\x16\xb6\
\x7c\x26\x2d\xef\xfc\x16\x1e\xf3\xfb\x13\x15\xd4\x8c\x15\x19\xd8\
\x88\x1a\x22\xf3\xf5\x0f\x11\xcc\xba\x09\x06\xac\x0f\x00\x00\x00\
\x00\x00\x00\x00\x00\x00\x00\x00\x00\x00\x00\x00\x00\x00\x00\x00\
\x00\x00\x00\x00\x00\x00\x00\x00\x00\x00\x00\x00\x00\x0c\x08\xbb\
\x09\x23\x25\xd3\x90\x34\x43\xf3\xfa\x22\x32\xf4\xff\x23\x36\xf6\
\xff\x1b\x24\xe7\xdb\x0d\x07\xc7\x27\x00\x00\x00\x00\x00\x00\x00\
\x00\x00\x00\x00\x00\x00\x00\x00\x00\x00\x00\x00\x00\x00\x00\x00\
\x00\x00\x00\x00\x00\x00\x00\x00\x00\x00\x00\x00\x00\x1a\x1a\xea\
\x1b\x1b\x24\xe4\x83\x29\x3d\xf2\xf5\x30\x47\xf7\xff\x2e\x44\xf4\
\xff\x16\x18\xe4\x83\x0d\x02\xeb\x02\x00\x00\x00\x00\x00\x00\x00\
\x00\x00\x00\x00\x00\x00\x00\x00\x00\x00\x00\x00\x00\x00\x00\x00\
\x00\x00\x00\x00\x00\x00\x00\x00\x00\x1a\x1d\xef\x5e\x2c\x41\xf3\
\xd2\x31\x4d\xf6\xfd\x3b\x57\xf7\xfe\x36\x41\xf2\xd8\x46\x53\xf4\
\xdf\x42\x5c\xf6\xf2\x21\x29\xf0\x91\x17\x1b\xf0\x1d\x00\x00\x00\
\x00\x00\x00\x00\x00\x00\x00\x00\x00\x00\x00\x00\x00\x00\x00\x00\
\x00\x00\x00\x00\x00\x00\x00\x00\x00\x3d\x50\xf6\xec\x45\x66\xf7\
\xff\x4a\x65\xf7\xf7\x31\x38\xf4\xa6\x0f\x0e\xed\x22\x13\x0e\xef\
\x2b\x32\x35\xf4\x99\x52\x66\xf7\xec\x48\x5a\xf6\xc6\x31\x36\xf4\
\x5e\x00\x00\x00\x00\x00\x00\x00\x00\x00\x00\x00\x00\x00\x00\x00\
\x00\x00\x00\x00\x00\x00\x00\x00\x00\x2b\x2b\xf2\xa3\x4a\x53\xf6\
\xe4\x20\x1a\xf2\x87\x0e\x04\xf0\x08\x00\x00\x00\x00\x00\x00\x00\
\x00\x03\x00\xef\x02\x08\x03\xf0\x34\x27\x26\xf2\xa1\x37\x3c\xf3\
\xcf\x00\x00\x00\x00\x00\x00\x00\x00\x00\x00\x00\x00\x00\x00\x00\
\x00\x00\x00\x00\x00\x00\x00\x00\x00\x00\x00\x00\x00\x00\x00\x00\
\x00\x00\x00\x00\x00\x00\x00\x00\x00\x00\x00\x00\x00\x00\x00\x00\
\x00\x00\x00\x00\x00\x00\x00\x00\x00\x00\x00\x00\x00\x00\x00\x00\
\x00\x00\x00\x00\x00\x00\x00\x00\x00\x00\x00\x00\x00\x00\x00\x00\
\x00\x00\x00\x00\x00\x00\x00\x00\x00\x00\x00\x00\x00\x00\x00\x00\
\x00\x00\x00\x00\x00\x00\x00\x00\x00\x00\x00\x00\x00\x00\x00\x00\
\x00\x00\x00\x00\x00\x00\x00\x00\x00\x00\x00\x00\x00\x00\x00\x00\
\x00\x00\x00\x00\x00\x00\x00\x00\x00\x00\x00\x00\x00\x00\x00\x00\
\x00\x00\x00\x00\x00\x00\x00\x00\x00\x00\x00\x00\x00\x00\x00\x00\
\x00\x00\x00\x00\x00\x00\x00\x00\x00\x00\x00\x00\x00\x00\x00\x00\
\x00\x00\x00\x00\x00\x00\x00\x00\x00\x00\x00\x00\x00\x00\x00\x00\
\x00\x00\x00\x00\x00\x00\x00\x00\x00\x00\x00\x00\x00\xff\xff\xac\
\x41\xff\xff\xac\x41\xff\xff\xac\x41\xff\xff\xac\x41\xe1\xc7\xac\
\x41\xe1\x87\xac\x41\xe0\x0f\xac\x41\xe0\x0f\xac\x41\xf0\x1f\xac\
\x41\xf0\x1f\xac\x41\xe0\x0f\xac\x41\xe0\x07\xac\x41\xe1\x87\xac\
\x41\xff\xff\xac\x41\xff\xff\xac\x41\xff\xff\xac\x41\
\x00\x00\x09\xf6\
\x00\
\x00\x01\x00\x02\x00\x10\x10\x00\x00\x01\x00\x08\x00\x68\x05\x00\
\x00\x26\x00\x00\x00\x10\x10\x00\x00\x01\x00\x20\x00\x68\x04\x00\
\x00\x8e\x05\x00\x00\x28\x00\x00\x00\x10\x00\x00\x00\x20\x00\x00\
\x00\x01\x00\x08\x00\x00\x00\x00\x00\x40\x01\x00\x00\x00\x00\x00\
\x00\x00\x00\x00\x00\x00\x01\x00\x00\x00\x00\x00\x00\x74\xc5\xff\
\x00\x00\x00\x00\x00\x07\x69\xe4\x00\x00\x00\x00\x00\xad\xa3\xa3\
\x00\x9e\x92\x94\x00\x15\x70\xe5\x00\xc4\xff\xff\x00\xc3\xc2\xbf\
\x00\x00\x00\x00\x00\x00\x00\x00\x00\x05\x68\xe5\x00\x00\x00\x00\
\x00\x65\xc6\xff\x00\x86\xde\xff\x00\x67\xb9\xff\x00\x13\x8c\xff\
\x00\x00\x00\x00\x00\x00\x00\x00\x00\x94\xda\xff\x00\x00\x00\x00\
\x00\xd8\xff\xff\x00\x09\x81\xff\x00\x00\x00\x00\x00\x3a\xa9\xff\
\x00\x60\xcb\xff\x00\xd7\xff\xff\x00\x00\x00\x00\x00\x00\x00\x00\
\x00\x00\x00\x00\x00\x00\x00\x00\x00\x00\x00\x00\x00\x00\x00\x00\
\x00\x1a\x92\xff\x00\x2d\x93\xff\x00\x00\x00\x00\x00\xda\xd7\xd3\
\x00\xdc\xdb\xd9\x00\x7d\x6e\x65\x00\xb7\xf2\xff\x00\x64\xb9\xff\
\x00\x9f\xe1\xff\x00\x00\x00\x00\x00\x11\x87\xff\x00\xbd\xf9\xff\
\x00\x9d\xe0\xff\x00\x00\x00\x00\x00\xff\xfe\xfa\x00\x1b\x72\xe5\
\x00\x26\x96\xff\x00\x00\x00\x00\x00\x5d\xc6\xff\x00\x00\x00\x00\
\x00\x77\xc6\xff\x00\x00\x00\x00\x00\x72\xde\xff\x00\x00\x00\x00\
\x00\x81\xe5\xff\x00\x00\x00\x00\x00\x00\x00\x00\x00\x00\x00\x00\
\x00\x00\x00\x00\x00\x00\x00\x00\x00\xd4\xd3\xd2\x00\x00\x64\xe5\
\x00\x00\x00\x00\x00\x00\x00\x00\x00\x28\x7d\xce\x00\x4d\xb7\xff\
\x00\x00\x00\x00\x00\x00\x00\x00\x00\x06\x58\xd6\x00\x00\x00\x00\
\x00\x00\x00\x00\x00\x70\x69\x6c\x00\x00\x00\x00\x00\x5d\xc7\xff\
\x00\x77\xc5\xff\x00\x00\x00\x00\x00\x00\x00\x00\x00\x3f\xa0\xff\
\x00\x24\x95\xff\x00\x58\x51\x54\x00\x00\x00\x00\x00\x00\x00\x00\
\x00\x7b\xc7\xff\x00\x00\x00\x00\x00\x00\x00\x00\x00\x00\x00\x00\
\x00\x06\x7f\xff\x00\x00\x00\x00\x00\x00\x00\x00\x00\xa0\x95\x9a\
\x00\x00\x00\x00\x00\x00\x00\x00\x00\x56\xbe\xff\x00\x20\x95\xff\
\x00\x00\x00\x00\x00\x3f\x8a\xc5\x00\xa0\xe2\xff\x00\x00\x00\x00\
\x00\x00\x00\x00\x00\x00\x00\x00\x00\x00\x00\x00\x00\x00\x00\x00\
\x00\x00\x00\x00\x00\x00\x00\x00\x00\x22\x79\xd9\x00\xba\xf0\xff\
\x00\x70\x67\x6d\x00\x00\x00\x00\x00\x00\x00\x00\x00\x4e\xb9\xff\
\x00\x48\xaf\xff\x00\x00\x00\x00\x00\x13\x4a\xa9\x00\x00\x00\x00\
\x00\xc5\xc2\xc0\x00\x00\x00\x00\x00\x00\x00\x00\x00\x00\x00\x00\
\x00\x2e\xa1\xff\x00\x00\x00\x00\x00\x00\x00\x00\x00\x00\x00\x00\
\x00\x00\x00\x00\x00\x00\x00\x00\x00\x5e\xc8\xff\x00\x5f\xc9\xff\
\x00\x00\x00\x00\x00\x76\xc5\xff\x00\xe4\xe0\xdf\x00\x05\x51\xc8\
\x00\x00\x00\x00\x00\x8a\x81\x84\x00\xed\xeb\xec\x00\x00\x00\x00\
\x00\x00\x00\x00\x00\x00\x00\x00\x00\x00\x00\x00\x00\x00\x00\x00\
\x00\x3e\xa4\xff\x00\xac\xa4\xa6\x00\x0a\x49\xb1\x00\x00\x00\x00\
\x00\x00\x00\x00\x00\x97\x8f\x94\x00\x45\xb7\xff\x00\x07\x4f\xbf\
\x00\x00\x00\x00\x00\x00\x00\x00\x00\x00\x00\x00\x00\x00\x00\x00\
\x00\x31\x9e\xff\x00\x3e\x9f\xff\x00\x28\x80\xd4\x00\x00\x00\x00\
\x00\x91\x84\x87\x00\x00\x00\x00\x00\x00\x00\x00\x00\x00\x00\x00\
\x00\x00\x00\x00\x00\x04\x67\xe5\x00\x00\x00\x00\x00\x00\x00\x00\
\x00\x00\x00\x00\x00\x00\x00\x00\x00\x00\x00\x00\x00\x7d\xdc\xff\
\x00\x06\x5d\xdb\x00\xf6\xf7\xf7\x00\x00\x00\x00\x00\x00\x00\x00\
\x00\x00\x00\x00\x00\x58\xbe\xff\x00\x00\x00\x00\x00\x3b\x8c\xce\
\x00\x00\x00\x00\x00\x00\x00\x00\x00\x16\x70\xdf\x00\xb2\xef\xff\
\x00\x00\x00\x00\x00\x00\x00\x00\x00\x00\x00\x00\x00\x40\xa5\xff\
\x00\x00\x00\x00\x00\x00\x00\x00\x00\x00\x00\x00\x00\x3b\xa7\xff\
\x00\x2b\x92\xff\x00\x00\x00\x00\x00\x53\xc1\xff\x00\xe3\xe2\xe1\
\x00\x00\x00\x00\x00\x00\x00\x00\x00\x00\x00\x00\x00\x00\x00\x00\
\x00\x00\x00\x00\x00\x00\x00\x00\x00\x26\x7d\xd9\x00\x00\x00\x00\
\x00\x00\x00\x00\x00\x00\x00\x00\x00\x00\x00\x00\x00\xb8\xf2\xff\
\x00\x00\x00\x00\x00\xa3\x99\x9c\x00\x06\x54\xcd\x00\x00\x00\x00\
\x00\x00\x00\x00\x00\x00\x00\x00\x00\x00\x00\x00\x00\x00\x00\x00\
\x00\x10\x8a\xff\x00\x4b\xaf\xff\x00\x08\x4b\xb6\x00\x00\x00\x00\
\x00\x00\x00\x00\x00\xdb\xff\xff\x00\x00\x00\x00\x00\x00\x00\x00\
\x00\x00\x00\x00\x00\x00\x00\x00\x00\x5b\x54\x57\x00\x00\x00\x00\
\x00\x08\x4e\xbc\x00\x00\x00\x00\x00\x00\x00\x00\x00\x00\x00\x00\
\x00\x09\x45\xa8\x00\x61\xca\xff\x00\x00\x00\x00\x00\x12\x86\xff\
\x00\x45\x3c\x40\x00\x00\x67\xeb\x00\x28\x9c\xff\x00\x00\x00\x00\
\x00\x73\x6a\x6d\x00\x00\x00\x00\x00\x00\x00\x00\x00\x00\x00\x00\
\x00\x83\x7c\x7f\x00\x00\x00\x00\x00\x9e\xe1\xff\x00\x00\x00\x00\
\x00\x00\x00\x00\x00\x00\x00\x00\x00\x00\x00\x00\x00\x00\x00\x00\
\x00\x00\x00\x00\x00\x00\x00\x00\x00\x00\x00\x00\x00\x11\x86\xff\
\x00\xd0\xcf\xcc\x00\xff\xff\xff\x00\xff\xff\xff\x00\x01\x01\x01\
\xe5\x8f\xd7\xe1\x94\x84\xcf\x47\xa9\x01\x01\x01\x01\x01\x01\x73\
\xda\xb4\x44\xeb\x60\x2b\x2b\xe8\x21\x02\x01\x01\x01\x01\x01\x73\
\x07\x63\x55\x99\xbc\x70\xe6\x4c\x0d\x06\x01\x01\x01\x01\x01\x8f\
\x2c\x13\x28\x31\x18\x19\x37\x39\x0e\x30\x01\x01\x01\x01\x01\x94\
\x15\xcc\xf3\x35\x0f\x9a\xbd\x59\xd5\xa2\x01\x01\x01\x01\x01\x84\
\x1a\x27\x2d\x82\x0f\x50\x22\x16\x10\x0b\x01\x01\x01\x01\x01\x84\
\x07\x29\x00\x8d\x71\x5f\x7f\x33\x0d\x06\x01\x01\x01\x01\x01\x43\
\x07\x29\x4d\xb8\xd6\xae\x80\x33\x0d\x06\x01\x01\x01\x01\x01\x62\
\x15\x6c\xa8\xbf\x93\x79\x51\xfc\x21\x0b\x01\x01\x01\x01\x01\x01\
\xb0\x43\x9b\xc7\x6b\xb3\x02\x40\xea\x01\x01\x01\x01\x01\x01\x01\
\x04\x2f\x05\x01\x01\x01\x26\x24\xe9\x01\x01\x01\x01\x01\x01\x01\
\x04\xfe\x05\x01\x01\x01\xed\x25\x52\x01\x01\x01\x01\x01\x01\x01\
\x8e\xfe\xce\x01\x01\x01\x4a\xfd\xdf\x01\x01\x01\x01\x01\x01\x01\
\x9d\x87\x83\x92\x6d\x6d\x08\x08\xdf\x01\x01\x01\x01\x01\x01\x01\
\x01\x5c\xaa\xc0\x25\x3f\x75\xf1\x01\x01\x01\x01\x01\x01\x01\x01\
\x01\x01\x92\x92\x86\xf1\xf1\x01\x01\x01\x01\x01\x01\xe0\x0f\x00\
\x00\xc0\x07\x00\x00\xc0\x07\x00\x00\xc0\x07\x00\x00\xc0\x07\x00\
\x00\xc0\x07\x00\x00\xc0\x07\x00\x00\xc0\x07\x00\x00\xc0\x07\x00\
\x00\xe0\x0f\x00\x00\xe3\x8f\x00\x00\xe3\x8f\x00\x00\xe3\x8f\x00\
\x00\xe0\x0f\x00\x00\xf0\x1f\x00\x00\xf8\x3f\x00\x00\x28\x00\x00\
\x00\x10\x00\x00\x00\x20\x00\x00\x00\x01\x00\x20\x00\x00\x00\x00\
\x00\x40\x04\x00\x00\x00\x00\x00\x00\x00\x00\x00\x00\x00\x00\x00\
\x00\x00\x00\x00\x00\x00\x00\x00\x00\x00\x00\x00\x00\x00\x00\x00\
\x00\x28\x60\xb0\xf1\x15\x6a\xc5\xf9\x18\x67\xc4\xf3\x17\x68\xca\
\xf3\x15\x67\xcd\xf3\x11\x66\xd1\xf3\x0a\x63\xd6\xf3\x0a\x64\xda\
\xf3\x06\x63\xe0\xf3\x14\x73\xe8\xfe\x00\x00\x00\x00\x00\x00\x00\
\x00\x00\x00\x00\x00\x00\x00\x00\x00\x00\x00\x00\x00\x46\x6f\xb3\
\xe4\xaa\xd4\xe7\xff\xa0\xfd\xff\xff\x52\xc6\xff\xff\x35\xb3\xff\
\xff\x2b\xa7\xff\xff\x20\xa0\xff\xff\x17\x96\xff\xff\x1a\x97\xff\
\xff\x19\x93\xff\xff\x36\xaf\xff\xff\x26\x89\xee\xff\x00\x00\x00\
\x00\x00\x00\x00\x00\x00\x00\x00\x00\x00\x00\x00\x00\x38\x63\xad\
\xe1\x9c\xc8\xe1\xff\xc2\xfc\xff\xff\x92\xd5\xff\xff\x6f\xc0\xff\
\xff\x4e\xac\xff\xff\x4b\xae\xff\xff\x47\xad\xff\xff\x4b\xb2\xff\
\xff\x3a\xa8\xff\xff\x4a\xb8\xff\xff\x1d\x81\xed\xff\x00\x00\x00\
\x00\x00\x00\x00\x00\x00\x00\x00\x00\x00\x00\x00\x00\x38\x64\xae\
\xe1\x95\xc6\xe2\xff\xb2\xf4\xff\xff\x82\xcd\xff\xff\x66\xbc\xff\
\xff\x4f\xae\xff\xff\x51\xb3\xff\xff\x53\xb7\xff\xff\x53\xbd\xff\
\xff\x4a\xb8\xff\xff\x5e\xc6\xff\xff\x27\x85\xed\xff\x00\x00\x00\
\x00\x00\x00\x00\x00\x00\x00\x00\x00\x00\x00\x00\x00\x39\x64\xae\
\xe1\x98\xc6\xe2\xff\xb3\xf6\xff\xff\x85\xcf\xff\xff\x68\xbe\xff\
\xff\x4f\xae\xff\xff\x50\xb1\xff\xff\x4f\xb5\xff\xff\x4e\xb9\xff\
\xff\x43\xb2\xff\xff\x57\xc0\xff\xff\x23\x82\xed\xff\x00\x00\x00\
\x00\x00\x00\x00\x00\x00\x00\x00\x00\x00\x00\x00\x00\x39\x64\xae\
\xe1\x98\xc7\xe2\xff\xb3\xf7\xff\xff\x86\xd0\xff\xff\x69\xbe\xff\
\xff\x52\xae\xff\xff\x52\xb2\xff\xff\x4f\xb5\xff\xff\x4d\xb7\xff\
\xff\x42\xb0\xff\xff\x55\xbf\xff\xff\x23\x84\xed\xff\x00\x00\x00\
\x00\x00\x00\x00\x00\x00\x00\x00\x00\x00\x00\x00\x00\x39\x65\xae\
\xe1\x98\xc8\xe2\xff\xb9\xfa\xff\xff\x8c\xd4\xff\xff\x74\xc4\xff\
\xff\x5e\xb7\xff\xff\x57\xb3\xff\xff\x4d\xae\xff\xff\x43\xac\xff\
\xff\x32\xa2\xff\xff\x44\xb5\xff\xff\x1d\x81\xed\xff\x00\x00\x00\
\x00\x00\x00\x00\x00\x00\x00\x00\x00\x00\x00\x00\x00\x38\x63\xad\
\xe1\x99\xc8\xe1\xff\xbb\xf5\xff\xff\x8a\xcf\xff\xff\x6d\xbf\xff\
\xff\x57\xb1\xff\xff\x54\xb1\xff\xff\x50\xb2\xff\xff\x4c\xb6\xff\
\xff\x3e\xad\xff\xff\x4c\xbb\xff\xff\x1d\x7f\xed\xff\x00\x00\x00\
\x00\x00\x00\x00\x00\x00\x00\x00\x00\x00\x00\x00\x00\x3f\x66\xae\
\xe3\xa6\xcc\xe5\xff\xbe\xff\xff\xff\x83\xec\xff\xff\x69\xdc\xff\
\xff\x58\xce\xff\xff\x47\xbf\xff\xff\x39\xb0\xff\xff\x28\xa0\xff\
\xff\x14\x8f\xff\xff\x40\xb5\xff\xff\x2c\x8c\xed\xff\x00\x00\x00\
\x00\x00\x00\x00\x00\x00\x00\x00\x00\x00\x00\x00\x00\x00\x00\x00\
\x00\x4d\x92\xc7\xff\x4b\xb3\xe3\xff\x36\x9a\xdd\xff\x38\x9a\xe3\
\xff\x37\x97\xe5\xff\x2e\x8e\xe6\xff\x21\x84\xe9\xff\x07\x73\xeb\
\xff\x00\x66\xed\xff\x18\x83\xf5\xff\x00\x00\x00\x00\x00\x00\x00\
\x00\x00\x00\x00\x00\x00\x00\x00\x00\x00\x00\x00\x00\x00\x00\x00\
\x00\xaf\xa6\xa5\xe0\xe8\xe8\xe5\xff\xbb\xb4\xb4\xff\x00\x00\x00\
\x00\x00\x00\x00\x00\x00\x00\x00\x00\x7a\x6c\x68\xd6\xcf\xcd\xcb\
\xff\x6f\x65\x5e\xff\x00\x00\x00\x00\x00\x00\x00\x00\x00\x00\x00\
\x00\x00\x00\x00\x00\x00\x00\x00\x00\x00\x00\x00\x00\x00\x00\x00\
\x00\xaf\xa6\xa5\xdd\xff\xff\xff\xff\xbb\xb4\xb4\xff\x00\x00\x00\
\x00\x00\x00\x00\x00\x00\x00\x00\x00\x7a\x6c\x68\xd7\xcf\xcd\xcb\
\xff\x6f\x65\x5e\xff\x00\x00\x00\x00\x00\x00\x00\x00\x00\x00\x00\
\x00\x00\x00\x00\x00\x00\x00\x00\x00\x00\x00\x00\x00\x00\x00\x00\
\x00\xac\x9f\x9d\xd6\xff\xff\xff\xff\xbb\xb4\xb4\xff\x7b\x69\x65\
\x11\x00\x00\x00\x00\x00\x00\x00\x00\x6e\x66\x63\xe5\xd6\xd4\xd2\
\xff\x6f\x6b\x6b\xff\x00\x00\x00\x00\x00\x00\x00\x00\x00\x00\x00\
\x00\x00\x00\x00\x00\x00\x00\x00\x00\x00\x00\x00\x00\x00\x00\x00\
\x00\xab\xa2\xa6\xd8\xff\xff\xff\xff\xf3\xf0\xf0\xff\x99\x8f\x92\
\xff\x69\x60\x64\xef\x69\x60\x64\xe9\xb5\xb3\xb2\xff\xd6\xd4\xd2\
\xff\x60\x59\x5b\xde\x00\x00\x00\x00\x00\x00\x00\x00\x00\x00\x00\
\x00\x00\x00\x00\x00\x00\x00\x00\x00\x00\x00\x00\x00\x00\x00\x00\
\x00\x00\x00\x00\x00\xab\xa2\xa6\xec\xff\xff\xff\xff\xff\xff\xff\
\xff\xf7\xf8\xf6\xff\xf4\xf4\xf3\xff\xf5\xf3\xf0\xff\x9b\x95\x97\
\xff\x00\x00\x00\x00\x00\x00\x00\x00\x00\x00\x00\x00\x00\x00\x00\
\x00\x00\x00\x00\x00\x00\x00\x00\x00\x00\x00\x00\x00\x00\x00\x00\
\x00\x00\x00\x00\x00\x00\x00\x00\x00\x93\x88\x8e\xb4\xb9\xb3\xb6\
\xfd\xb1\xaa\xab\xf3\xaf\xa8\xac\xfa\x8c\x84\x88\xdf\x00\x00\x00\
\x00\x00\x00\x00\x00\x00\x00\x00\x00\x00\x00\x00\x00\x00\x00\x00\
\x00\x00\x00\x00\x00\xe0\x07\x00\x00\xc0\x03\x00\x00\xc0\x03\x00\
\x00\xc0\x03\x00\x00\xc0\x03\x00\x00\xc0\x03\x00\x00\xc0\x03\x00\
\x00\xc0\x03\x00\x00\xc0\x03\x00\x00\xe0\x07\x00\x00\xe3\x8f\x00\
\x00\xe3\x8f\x00\x00\xe1\x8f\x00\x00\xe0\x0f\x00\x00\xf0\x1f\x00\
\x00\xf8\x3f\x00\x00\
\x00\x00\x09\xf6\
\x00\
\x00\x01\x00\x02\x00\x10\x10\x00\x00\x01\x00\x08\x00\x68\x05\x00\
\x00\x26\x00\x00\x00\x10\x10\x00\x00\x01\x00\x20\x00\x68\x04\x00\
\x00\x8e\x05\x00\x00\x28\x00\x00\x00\x10\x00\x00\x00\x20\x00\x00\
\x00\x01\x00\x08\x00\x00\x00\x00\x00\x00\x00\x00\x00\x00\x00\x00\
\x00\x00\x00\x00\x00\x00\x00\x00\x00\x00\x00\x00\x00\x2c\x21\x1a\
\x00\x4b\x38\x2a\x00\x05\x05\xfc\x00\x53\x42\x34\x00\x52\x63\x9b\
\x00\x55\x66\x9d\x00\x58\x6c\xa0\x00\x77\x7c\x74\x00\x9a\x83\x62\
\x00\x69\x7b\x8e\x00\x60\x75\xab\x00\x64\x7b\xae\x00\x64\x7a\xb3\
\x00\x64\x7b\xb2\x00\xba\x92\x69\x00\xb9\x93\x6b\x00\x6c\x85\xaf\
\x00\x71\x89\xab\x00\x75\x8d\xaf\x00\x6f\x89\xc3\x00\x70\x89\xc3\
\x00\x71\x8b\xc4\x00\xbe\x9f\x76\x00\x73\x8d\xc6\x00\x73\x8d\xc8\
\x00\xc6\xa0\x75\x00\x74\x8e\xcb\x00\x75\x90\xc6\x00\x77\x92\xc8\
\x00\x77\x92\xc9\x00\x78\x96\xbd\x00\x78\x93\xca\x00\x78\x94\xca\
\x00\x7d\x98\xbd\x00\x79\x95\xcb\x00\xcb\xa7\x7c\x00\x79\x96\xcb\
\x00\x7a\x96\xcc\x00\xc7\xa9\x81\x00\x7b\x98\xce\x00\x7c\x99\xcf\
\x00\x7d\x9a\xd0\x00\x7d\x9c\xcb\x00\x7d\x9b\xd1\x00\x7e\x9c\xd3\
\x00\xc9\xae\x86\x00\x7f\x9d\xd3\x00\x80\x9e\xd4\x00\xb7\xac\x9c\
\x00\x80\x9f\xd5\x00\x81\x9f\xd5\x00\xc8\xb0\x8e\x00\x83\xa3\xd6\
\x00\xcd\xb8\x97\x00\x8c\xb0\xdb\x00\xb1\xb8\xbf\x00\x8f\xb4\xde\
\x00\xa2\xb8\xcd\x00\x92\xb7\xdf\x00\x93\xb9\xe0\x00\xbd\xc1\xc0\
\x00\x95\xbc\xdc\x00\x97\xbd\xe1\x00\xda\xc9\xab\x00\xcd\xc7\xbc\
\x00\x9a\xc1\xe3\x00\xd0\xca\xc0\x00\x9c\xc4\xe3\x00\x9d\xc5\xe4\
\x00\x9f\xc8\xe3\x00\xa1\xca\xe6\x00\xd0\xcf\xce\x00\xd6\xd1\xc9\
\x00\xa4\xcd\xe8\x00\xd2\xd1\xd1\x00\xd6\xd2\xce\x00\xa7\xd0\xea\
\x00\xd7\xd4\xd2\x00\xd5\xd4\xd3\x00\xa8\xd2\xea\x00\xaa\xd3\xea\
\x00\xe7\xdc\xc7\x00\xac\xd7\xec\x00\xae\xd8\xec\x00\xdc\xda\xdc\
\x00\xb1\xd9\xec\x00\xb1\xdb\xee\x00\xea\xe0\xd1\x00\xed\xe2\xce\
\x00\xef\xe3\xcd\x00\xb4\xde\xee\x00\xb5\xdf\xf0\x00\xec\xe4\xd6\
\x00\xe9\xe3\xdb\x00\xf2\xe8\xd1\x00\xf3\xeb\xd3\x00\xe8\xec\xf0\
\x00\xf2\xee\xe9\x00\xef\xf3\xf6\x00\xfe\xfe\xf8\x00\xff\xff\xff\
\x00\x00\x00\x00\x00\x00\x00\x00\x00\x00\x00\x00\x00\x00\x00\x00\
\x00\x00\x00\x00\x00\x00\x00\x00\x00\x00\x00\x00\x00\x00\x00\x00\
\x00\x00\x00\x00\x00\x00\x00\x00\x00\x00\x00\x00\x00\x00\x00\x00\
\x00\x00\x00\x00\x00\x00\x00\x00\x00\x00\x00\x00\x00\x00\x00\x00\
\x00\x00\x00\x00\x00\x00\x00\x00\x00\x00\x00\x00\x00\x00\x00\x00\
\x00\x00\x00\x00\x00\x00\x00\x00\x00\x00\x00\x00\x00\x00\x00\x00\
\x00\x00\x00\x00\x00\x00\x00\x00\x00\x00\x00\x00\x00\x00\x00\x00\
\x00\x00\x00\x00\x00\x00\x00\x00\x00\x00\x00\x00\x00\x00\x00\x00\
\x00\x00\x00\x00\x00\x00\x00\x00\x00\x00\x00\x00\x00\x00\x00\x00\
\x00\x00\x00\x00\x00\x00\x00\x00\x00\x00\x00\x00\x00\x00\x00\x00\
\x00\x00\x00\x00\x00\x00\x00\x00\x00\x00\x00\x00\x00\x00\x00\x00\
\x00\x00\x00\x00\x00\x00\x00\x00\x00\x00\x00\x00\x00\x00\x00\x00\
\x00\x00\x00\x00\x00\x00\x00\x00\x00\x00\x00\x00\x00\x00\x00\x00\
\x00\x00\x00\x00\x00\x00\x00\x00\x00\x00\x00\x00\x00\x00\x00\x00\
\x00\x00\x00\x00\x00\x00\x00\x00\x00\x00\x00\x00\x00\x00\x00\x00\
\x00\x00\x00\x00\x00\x00\x00\x00\x00\x00\x00\x00\x00\x00\x00\x00\
\x00\x00\x00\x00\x00\x00\x00\x00\x00\x00\x00\x00\x00\x00\x00\x00\
\x00\x00\x00\x00\x00\x00\x00\x00\x00\x00\x00\x00\x00\x00\x00\x00\
\x00\x00\x00\x00\x00\x00\x00\x00\x00\x00\x00\x00\x00\x00\x00\x00\
\x00\x00\x00\x00\x00\x00\x00\x00\x00\x00\x00\x00\x00\x00\x00\x00\
\x00\x00\x00\x00\x00\x00\x00\x00\x00\x00\x00\x00\x00\x00\x00\x00\
\x00\x00\x00\x00\x00\x00\x00\x00\x00\x00\x00\x00\x00\x00\x00\x00\
\x00\x00\x00\x00\x00\x00\x00\x00\x00\x00\x00\x00\x00\x00\x00\x00\
\x00\x00\x00\x00\x00\x00\x00\x00\x00\x00\x00\x00\x00\x00\x00\x00\
\x00\x00\x00\x00\x00\x00\x00\x00\x00\x00\x00\x00\x00\x00\x00\x00\
\x00\x00\x00\x00\x00\x00\x00\x00\x00\x00\x00\x00\x00\x00\x00\x00\
\x00\x00\x00\x00\x00\x00\x00\x00\x00\x00\x00\x00\x00\x00\x00\x00\
\x00\x00\x00\x00\x00\x00\x00\x00\x00\x00\x00\x00\x00\x00\x00\x00\
\x00\x00\x00\x00\x00\x00\x00\x00\x00\x00\x00\x00\x00\x00\x00\x00\
\x00\x00\x00\x00\x00\x00\x00\x00\x00\x00\x00\x00\x00\x00\x00\x00\
\x00\x00\x00\x00\x00\x00\x00\x00\x00\x00\x00\x00\x00\x00\x00\x00\
\x00\x00\x00\x00\x00\x00\x00\x00\x00\x00\x00\x00\x00\x00\x00\x00\
\x00\x00\x00\x00\x00\x00\x00\x00\x00\x00\x00\x00\x00\x00\x00\x00\
\x00\x00\x00\x00\x00\x00\x00\x00\x00\x00\x00\x00\x00\x00\x00\x00\
\x00\x00\x00\x00\x00\x00\x00\x00\x00\x00\x00\x00\x00\x00\x00\x00\
\x00\x00\x00\x00\x00\x00\x00\x00\x00\x00\x00\x00\x00\x00\x00\x00\
\x00\x00\x00\x00\x00\x00\x00\x00\x00\x00\x00\x00\x00\x00\x00\x00\
\x00\x00\x00\x00\x00\x00\x00\x00\x00\x00\x00\x00\x00\x00\x00\x00\
\x00\x00\x00\x00\x00\x00\x00\x00\x00\x00\x00\x00\x00\x02\x02\x02\
\x65\x65\x65\x65\x65\x65\x65\x65\x65\x65\x65\x65\x65\x02\x02\x02\
\x02\x65\x2f\x2e\x2b\x29\x27\x25\x65\x65\x65\x65\x65\x02\x02\x02\
\x02\x02\x31\x31\x2b\x29\x28\x27\x22\x20\x65\x65\x65\x65\x02\x02\
\x02\x02\x02\x18\x1a\x1a\x18\x17\x1b\x24\x1d\x1c\x65\x65\x3e\x02\
\x02\x02\x02\x02\x08\x08\x07\x09\x0c\x0b\x22\x1f\x65\x49\x04\x39\
\x02\x02\x02\x02\x02\x01\x19\x0f\x16\x54\x11\x06\x20\x3d\x62\x64\
\x61\x02\x02\x02\x02\x02\x00\x23\x0e\x40\x4b\x37\x17\x60\x64\x64\
\x57\x3f\x02\x02\x02\x02\x02\x03\x26\x33\x4a\x47\x37\x1e\x64\x64\
\x5c\x51\x30\x02\x02\x02\x02\x02\x2d\x35\x4e\x4d\x0d\x5b\x05\x10\
\x63\x59\x58\x48\x02\x02\x02\x02\x02\x5d\x12\x06\x28\x5a\x55\x0b\
\x21\x3c\x5f\x5e\x42\x02\x02\x02\x02\x02\x0a\x28\x28\x65\x5a\x56\
\x45\x2a\x15\x14\x13\x13\x02\x02\x02\x02\x02\x2e\x65\x65\x5a\x5a\
\x53\x52\x36\x34\x2c\x2c\x32\x02\x02\x02\x02\x02\x65\x65\x65\x65\
\x56\x53\x4f\x49\x44\x41\x3b\x38\x02\x02\x02\x02\x02\x65\x65\x65\
\x65\x65\x50\x4c\x46\x43\x3e\x3a\x65\x02\x02\x02\x02\x65\x65\x65\
\x65\x65\x65\x65\x65\x65\x65\x65\x65\x65\x02\x02\x02\x1f\xff\x00\
\x00\x08\x1f\x00\x00\x00\x07\x00\x00\x80\x01\x00\x00\x80\x01\x00\
\x00\x00\x00\x00\x00\x00\x00\x00\x00\x00\x00\x00\x00\x00\x00\x00\
\x00\x00\x00\x00\x00\x00\x00\x00\x00\x80\x01\x00\x00\x80\x01\x00\
\x00\xe0\x00\x00\x00\xf8\x10\x00\x00\xff\xf8\x00\x00\x28\x00\x00\
\x00\x10\x00\x00\x00\x20\x00\x00\x00\x01\x00\x20\x00\x00\x00\x00\
\x00\x00\x00\x00\x00\x00\x00\x00\x00\x00\x00\x00\x00\x00\x00\x00\
\x00\x00\x00\x00\x00\x05\x05\xfc\xff\x05\x05\xfc\xff\x05\x05\xfc\
\xff\x00\x00\x00\x00\x00\x00\x00\x00\x00\x00\x00\x00\x00\x00\x00\
\x00\x00\x00\x00\x00\x00\x00\x00\x00\x00\x00\x00\x00\x00\x00\x00\
\x00\x00\x00\x00\x00\x00\x00\x00\x00\x00\x00\x00\x00\x00\x00\x00\
\x00\x00\x00\x00\x00\x05\x05\xfc\xff\x05\x05\xfc\xff\x05\x05\xfc\
\xff\x05\x05\xfc\xff\x97\xa6\xc6\x5c\x8c\xa1\xcc\xe5\x84\x9f\xd0\
\xfc\x82\x9c\xcd\xfb\x82\x9b\xcb\xfb\x80\x9a\xcb\xfc\x85\x99\xc2\
\xe5\x8d\x9b\xba\x5c\x00\x00\x00\x00\x00\x00\x00\x00\x00\x00\x00\
\x00\x00\x00\x00\x00\x05\x05\xfc\xff\x05\x05\xfc\xff\x05\x05\xfc\
\xff\x05\x05\xfc\xff\x05\x05\xfc\xff\x83\xa3\xd8\xff\x82\xa1\xd7\
\xff\x80\x9e\xd6\xff\x7f\x9c\xd4\xff\x7e\x9b\xd2\xff\x7c\x99\xd0\
\xff\x7a\x97\xcc\xff\x86\x99\xc1\xdc\x8d\x9a\xb7\x1f\x00\x00\x00\
\x00\x00\x00\x00\x00\x00\x00\x00\x00\x05\x05\xfc\xff\x05\x05\xfc\
\xff\x05\x05\xfc\xff\x05\x05\xfc\xff\x05\x05\xfc\xff\x76\x91\xd1\
\xff\x77\x91\xd1\xff\x77\x92\xd2\xff\x77\x92\xd2\xff\x78\x92\xd6\
\xff\x74\x8e\xcc\xff\x79\x96\xcc\xff\x7d\x98\xcb\xfe\x8a\x97\xb5\
\x3a\x00\x00\x00\x00\xb7\xca\xda\x06\xa4\xc8\xe6\xfd\x05\x05\xfc\
\xff\x05\x05\xfc\xff\x05\x05\xfc\xff\x05\x05\xfc\xff\x05\x05\xfc\
\xff\xb6\x94\x6c\xff\xb6\x92\x6a\xff\x93\x82\x65\xff\x71\x76\x72\
\xff\x72\x88\xb2\xff\x61\x76\xb0\xff\x67\x7d\xb9\xff\x80\x99\xcb\
\xfd\x8e\x9a\xb6\x04\xb8\xd3\xe4\xb1\x68\x82\xb4\xff\x8c\x9e\xbb\
\xff\x05\x05\xfc\xff\x05\x05\xfc\xff\x05\x05\xfc\xff\x05\x05\xfc\
\xff\x05\x05\xfc\xff\x79\x5a\x40\xff\xcb\x9b\x70\xff\xd3\x98\x6c\
\xff\xc8\xa6\x7c\xff\xc1\xc8\xd4\xff\x6f\x83\xa4\xff\x60\x75\xb1\
\xff\x89\x99\xbf\xaf\x82\x9f\xc2\xfc\xd3\xd7\xe2\xff\xff\xff\xff\
\xff\xfc\xfa\xf1\xff\x05\x05\xfc\xff\x05\x05\xfc\xff\x05\x05\xfc\
\xff\x05\x05\xfc\xff\x05\x05\xfc\xff\x10\x0d\x0d\xff\xc8\xa4\x7b\
\xff\xbf\x96\x6b\xff\xdc\xd2\xc5\xff\xe5\xdf\xda\xff\xa4\xad\xb5\
\xff\x6a\x7f\xb1\xfc\xdc\xe1\xe9\xff\xff\xff\xff\xff\xff\xff\xff\
\xff\xed\xe6\xdc\xff\xdd\xc6\x9f\xff\x05\x05\xfc\xff\x05\x05\xfc\
\xff\x05\x05\xfc\xff\x05\x05\xfc\xff\x05\x05\xfc\xff\x7f\x67\x4f\
\xff\xd5\xb1\x83\xff\xc8\xb9\xa1\xff\xd3\xd6\xde\xff\xec\xe2\xd5\
\xff\xb0\xb5\xbb\xff\x8c\xa7\xc7\xff\xe1\xe3\xeb\xff\xff\xff\xff\
\xff\xf7\xf1\xe7\xff\xed\xe2\xcc\xff\xd0\xc6\xb4\xff\x05\x05\xfc\
\xff\x05\x05\xfc\xff\x05\x05\xfc\xff\x05\x05\xfc\xff\x05\x05\xfc\
\xff\xe2\xc7\x9c\xff\xd2\xc6\xb1\xff\xed\xea\xe8\xff\xca\xca\xc9\
\xff\x72\x89\xb5\xff\xaf\xd6\xe9\xfc\x60\x77\xa7\xff\xa3\xb1\xca\
\xff\xfe\xfe\xfa\xff\xf4\xee\xd1\xff\xf4\xed\xd2\xff\xef\xec\xe8\
\xff\x05\x05\xfc\xff\x05\x05\xfc\xff\x05\x05\xfc\xff\x05\x05\xfc\
\xff\x05\x05\xfc\xff\xf4\xeb\xe1\xff\xa6\xb2\xc1\xff\x5e\x73\xa7\
\xff\x7c\x94\xcb\xfc\xcc\xe7\xef\xaf\xb3\xde\xf0\xff\x64\x7d\xaf\
\xff\x61\x75\xac\xff\xa2\xae\xbb\xff\xd2\xd6\xca\xff\xef\xe4\xcf\
\xff\xed\xdf\xcc\xff\x05\x05\xfc\xff\x05\x05\xfc\xff\x05\x05\xfc\
\xff\x05\x05\xfc\xff\x05\x05\xfc\xff\x5d\x71\xae\xff\x7b\x98\xd2\
\xff\x8f\xa0\xc4\xaf\xcc\xe0\xe7\x04\xbc\xe2\xf0\xfd\xb9\xe6\xf3\
\xff\x8f\xb3\xd7\xff\x67\x7e\xbe\xff\x67\x7d\xbc\xff\x76\x8f\xc0\
\xff\x81\x99\xc1\xff\x87\x9f\xc6\xff\x05\x05\xfc\xff\x05\x05\xfc\
\xff\x05\x05\xfc\xff\x05\x05\xfc\xff\x05\x05\xfc\xff\x85\xa0\xd2\
\xfd\x95\xa2\xbf\x04\x00\x00\x00\x00\xcb\xdf\xe7\x3a\xb7\xde\xee\
\xfe\xb6\xe1\xf1\xff\xaf\xda\xee\xff\x97\xbe\xe3\xff\x85\xa7\xda\
\xff\x81\xa1\xd9\xff\x7f\x9f\xd8\xff\x81\xa0\xd8\xff\x05\x05\xfc\
\xff\x05\x05\xfc\xff\x05\x05\xfc\xff\x05\x05\xfc\xff\x05\x05\xfc\
\xff\x00\x00\x00\x00\x00\x00\x00\x00\x00\x00\x00\x00\xc9\xdd\xe6\
\x1f\xbe\xdb\xe9\xdc\xae\xd8\xec\xff\xac\xd6\xeb\xff\xaa\xd4\xec\
\xff\xa3\xcd\xe7\xff\x9e\xc7\xe6\xff\x97\xbd\xe3\xff\x90\xb5\xe0\
\xff\x05\x05\xfc\xff\x05\x05\xfc\xff\x05\x05\xfc\xff\x05\x05\xfc\
\xff\x05\x05\xfc\xff\x00\x00\x00\x00\x00\x00\x00\x00\x00\x00\x00\
\x00\x00\x00\x00\x00\xc3\xd9\xe4\x5c\xb7\xd4\xe6\xe5\xab\xd0\xe6\
\xfc\xa6\xca\xe4\xfb\xa0\xc3\xe0\xfb\x9c\xbd\xde\xfc\x9e\xb9\xd8\
\xe5\xa1\xb2\xcd\x5c\x05\x05\xfc\xff\x05\x05\xfc\xff\x05\x05\xfc\
\xff\x05\x05\xfc\xff\x00\x00\x00\x00\x00\x00\x00\x00\x00\x00\x00\
\x00\x00\x00\x00\x00\x00\x00\x00\x00\x00\x00\x00\x00\x00\x00\x00\
\x00\x00\x00\x00\x00\x00\x00\x00\x00\x00\x00\x00\x00\x00\x00\x00\
\x00\x00\x00\x00\x00\x00\x00\x00\x00\x05\x05\xfc\xff\x05\x05\xfc\
\xff\x05\x05\xfc\xff\x1f\xff\x00\x00\x00\x0f\x00\x00\x00\x03\x00\
\x00\x80\x01\x00\x00\x00\x00\x00\x00\x00\x00\x00\x00\x00\x00\x00\
\x00\x00\x00\x00\x00\x00\x00\x00\x00\x00\x00\x00\x00\x00\x00\x00\
\x00\x00\x00\x00\x00\x80\x01\x00\x00\xc0\x00\x00\x00\xf0\x00\x00\
\x00\xff\xf8\x00\x00\
\x00\x00\x00\x90\
\x00\
\x00\x02\x76\x78\x9c\x63\x60\x60\x64\x60\x62\x10\x10\x10\x00\xd2\
\x2c\x0c\x1a\x8c\x0c\x0c\x6a\x0c\x0c\x28\x7c\x3f\x20\xd6\x00\x89\
\x01\xb1\x02\x10\x83\xc4\xf1\x83\xff\x04\xe4\x71\x03\x41\x08\xc5\
\xc8\x28\x00\xe5\x82\x05\x80\x3c\xb0\x80\x20\x04\x83\xd9\x40\x02\
\xa2\x58\x10\xaa\x96\x11\xa6\x17\x4a\x43\xc5\x61\xea\xa0\xfa\x60\
\xe6\x40\xcd\x85\xd9\x03\xd3\x6b\xff\x8f\x81\x61\xfe\x1f\x06\x86\
\x06\xa0\x9f\x97\x5d\x66\x60\xd8\x74\x18\xc8\x66\x66\x60\xd8\x32\
\x9b\x81\x61\x9b\x34\x82\xbd\xe1\x34\x84\x0d\x52\xd3\x76\x13\xc8\
\x06\x6a\x06\xe9\x1d\x0d\x27\xe2\xc2\x09\x00\xeb\xa0\x2a\x4b\
\x00\x00\x08\xf6\
\x00\
\x00\x01\x00\x02\x00\x10\x10\x00\x00\x01\x00\x20\x00\x68\x04\x00\
\x00\x26\x00\x00\x00\x10\x10\x00\x00\x01\x00\x20\x00\x68\x04\x00\
\x00\x8e\x04\x00\x00\x28\x00\x00\x00\x10\x00\x00\x00\x20\x00\x00\
\x00\x01\x00\x20\x00\x00\x00\x00\x00\x00\x00\x00\x00\x00\x00\x00\
\x00\x00\x00\x00\x00\x00\x00\x00\x00\x00\x00\x00\x00\x00\x00\x00\
\x00\x00\x00\x00\x00\x00\x00\x00\x00\x00\x00\x00\x00\x00\x00\x00\
\x00\x00\x00\x00\x00\x6f\x3b\x00\xff\x83\x57\x16\xff\x83\x57\x16\
\xff\x83\x57\x16\xff\x83\x57\x16\xff\x83\x57\x16\xff\x83\x57\x16\
\xff\x83\x57\x16\xff\x83\x57\x16\xff\x63\x33\x00\xff\x00\x00\x00\
\x00\x00\x00\x00\x00\x88\x3d\x1a\x19\x00\x00\x00\x00\x00\x00\x00\
\x00\x88\x3d\x1a\x19\xaa\x6d\x2d\xff\xb4\x70\x13\xff\x9b\x53\x13\
\xff\xcd\xbd\xb3\xff\xf4\xf1\xe8\xff\xed\xe7\xdf\xff\xf1\xe7\xe0\
\xff\xf1\xeb\xe2\xff\xed\xe6\xd9\xff\x8b\x60\x1f\xff\x00\x00\x00\
\x00\x00\x00\x00\x00\xbd\x76\x04\xd8\x88\x3d\x1a\x19\x88\x3d\x1a\
\x19\xb1\x6d\x1e\xd8\xcf\x90\x28\xff\xca\x88\x13\xff\xa9\x63\x11\
\xff\x8a\x3f\x19\xff\xf5\xf2\xed\xff\xf6\xf3\xea\xff\xf2\xf1\xe8\
\xff\xf5\xf3\xee\xff\xf5\xef\xe9\xff\x8b\x60\x1f\xff\x00\x00\x00\
\x00\x00\x00\x00\x00\xd5\x9d\x4d\xff\xc0\x81\x33\xd8\xb9\x77\x27\
\xd8\xd7\x9f\x3e\xff\xcf\x91\x28\xff\xb3\x84\x68\xff\xcb\xb7\xae\
\xff\x9c\x6e\x5f\xff\xf5\xf2\xed\xff\xf5\xf2\xed\xff\xf7\xf2\xf1\
\xff\xf7\xf5\xf0\xff\xf6\xf5\xeb\xff\x8b\x60\x1f\xff\x87\x5d\x1e\
\xff\x9f\x7a\x45\xff\xdb\xa6\x54\xff\xe7\xb8\x67\xff\xe4\xb3\x58\
\xff\xd8\x9f\x3f\xff\xad\x71\x35\xff\xef\xeb\xe4\xff\xf5\xf2\xed\
\xff\xed\xe8\xe3\xff\xf5\xf2\xed\xff\xf4\xf1\xec\xff\xfb\xf5\xf3\
\xff\xfb\xf5\xf2\xff\xf6\xf1\xef\xff\x8b\x60\x1f\xff\xb7\x9d\x72\
\xff\xf8\xf4\xef\xff\xdb\xa6\x54\xff\xec\xbf\x6b\xff\xe5\xb3\x58\
\xff\xc1\x83\x30\xff\xa6\x86\x5b\xff\xf7\xf5\xef\xff\xf5\xf2\xed\
\xff\xf4\xf1\xec\xff\xf7\xf1\xf0\xff\xfa\xfb\xf1\xff\xfa\xfb\xf6\
\xff\xf5\xf0\xea\xff\xef\xe7\xde\xff\x8b\x61\x21\xff\xbb\xa5\x80\
\xff\xf7\xf3\xee\xff\xdb\xa6\x54\xff\xec\xbf\x6b\xff\xe5\xb3\x58\
\xff\xd8\xa0\x3f\xff\xac\x70\x32\xff\xf2\xed\xe6\xff\xf7\xf5\xf0\
\xff\xfb\xf7\xf6\xff\xfa\xf7\xf5\xff\xfa\xfb\xf8\xff\xfb\xf7\xf6\
\xff\xf0\xea\xe4\xff\xe7\xdf\xd4\xff\x8d\x62\x23\xff\xbb\xa4\x7c\
\xff\xf7\xf3\xee\xff\xdd\xc2\xae\xff\xdb\xc1\xae\xff\xd8\xbf\xae\
\xff\xd8\xc0\xb7\xff\xae\x83\x59\xff\xdf\xd4\xd1\xff\xfa\xfa\xf6\
\xff\xfa\xfa\xfa\xff\xfa\xfa\xfb\xff\xf5\xf2\xe9\xff\xf0\xee\xe6\
\xff\xe3\xdc\xcf\xff\xdb\xcd\xbb\xff\x8f\x65\x26\xff\xbb\xa4\x7c\
\xff\xf7\xf3\xee\xff\xf5\xf2\xed\xff\xf5\xf2\xed\xff\xf6\xf3\xee\
\xff\xfd\xfa\xf9\xff\xbc\xa4\x7e\xff\xfc\xfc\xfc\xff\xfa\xfa\xfa\
\xff\xfa\xfa\xfb\xff\xfa\xfb\xf8\xff\xf3\xee\xe3\xff\xeb\xe6\xdd\
\xff\xe0\xcf\xc2\xff\xd4\xc2\xab\xff\x8f\x67\x29\xff\xba\xa1\x7b\
\xff\xf8\xf3\xee\xff\xf6\xf2\xed\xff\xf7\xf4\xf1\xff\xf9\xf4\xf4\
\xff\xff\xff\xfe\xff\xbf\xa9\x88\xff\xf9\xfc\xfc\xff\xfa\xfa\xfa\
\xff\xf7\xf6\xf0\xff\xf2\xed\xe5\xff\xe7\xde\xd1\xff\xc8\xb4\x97\
\xff\xf0\xeb\xe7\xff\xcc\xb8\x9d\xff\x00\x00\x00\x00\xbf\xaa\x88\
\xff\xfb\xf8\xf4\xff\xf9\xf8\xf1\xff\xfc\xfa\xfa\xff\xfa\xf9\xf8\
\xff\xfd\xff\xff\xff\xc1\xac\x8b\xff\xfc\xfc\xfc\xff\xfa\xfb\xfb\
\xff\xef\xed\xe9\xff\xea\xe3\xdc\xff\xdc\xcc\xbc\xff\xc1\xa7\x83\
\xff\xea\xe1\xd7\xff\xca\xb5\x95\xff\x00\x00\x00\x00\xc3\xaf\x90\
\xff\xfc\xfc\xfc\xff\xfa\xfa\xf8\xff\xfa\xfa\xfc\xff\xfb\xfc\xf9\
\xff\xf5\xf3\xeb\xff\xc8\xb7\x96\xff\xfd\xff\xff\xff\xf8\xf5\xf3\
\xff\xeb\xe1\xd5\xff\xdc\xd3\xc2\xff\xcb\xb4\x97\xff\xac\x93\x5e\
\xff\x00\x00\x00\x00\x00\x00\x00\x00\x00\x00\x00\x00\xc7\xb5\x94\
\xff\xfb\xfc\xfc\xff\xfa\xfa\xfa\xff\xfa\xfb\xf8\xff\xf8\xf5\xee\
\xff\xc7\xb0\x93\xff\xbb\xa2\x7b\xff\xdb\xcf\xba\xff\xd6\xc6\xb4\
\xff\xc8\xb9\x9d\xff\xc4\xaf\x8c\xff\xb2\x9a\x6b\xff\xa5\x89\x56\
\xff\x00\x00\x00\x00\x00\x00\x00\x00\x00\x00\x00\x00\xca\xb7\x9b\
\xff\xfc\xfc\xfc\xff\xfa\xfb\xfb\xff\xee\xeb\xe7\xff\xea\xe2\xd9\
\xff\xca\xb5\x98\xff\xdc\xcc\xbc\xff\xac\x8d\x5c\xff\x00\x00\x00\
\x00\x00\x00\x00\x00\x00\x00\x00\x00\x00\x00\x00\x00\x00\x00\x00\
\x00\x00\x00\x00\x00\x00\x00\x00\x00\x00\x00\x00\x00\xca\xba\x9f\
\xff\xfb\xfb\xfc\xff\xf8\xf7\xf1\xff\xea\xe3\xda\xff\xe1\xd8\xca\
\xff\xc2\xa9\x83\xff\xcd\xbd\xa3\xff\x00\x00\x00\x00\x00\x00\x00\
\x00\x00\x00\x00\x00\x00\x00\x00\x00\x00\x00\x00\x00\x00\x00\x00\
\x00\x00\x00\x00\x00\x00\x00\x00\x00\x00\x00\x00\x00\xc0\xa8\x83\
\xff\xdc\xcf\xbb\xff\xd6\xc7\xb3\xff\xc8\xb8\x98\xff\xc4\xad\x88\
\xff\xac\x92\x61\xff\x00\x00\x00\x00\x00\x00\x00\x00\x00\x00\x00\
\x00\x00\x00\x00\x00\x00\x00\x00\x00\x00\x00\x00\x00\x00\x00\x00\
\x00\x00\x00\x00\x00\x00\x00\x00\x00\x00\x00\x00\x00\xfc\x00\x00\
\x00\xd8\x00\x00\x00\xc0\x00\x00\x00\xc0\x00\x00\x00\x00\x00\x00\
\x00\x00\x00\x00\x00\x00\x00\x00\x00\x00\x00\x00\x00\x00\x00\x00\
\x00\x00\x01\x00\x00\x00\x01\x00\x00\x00\x07\x00\x00\x00\x07\x00\
\x00\x00\xff\x00\x00\x01\xff\x00\x00\x03\xff\x00\x00\x28\x00\x00\
\x00\x10\x00\x00\x00\x20\x00\x00\x00\x01\x00\x20\x00\x00\x00\x00\
\x00\x00\x00\x00\x00\x00\x00\x00\x00\x00\x00\x00\x00\x00\x00\x00\
\x00\x00\x00\x00\x00\x00\x00\x00\x00\x00\x00\x00\x00\x00\x00\x00\
\x00\x00\x00\x00\x00\x00\x00\x00\x00\x00\x00\x00\x00\x79\x48\x0a\
\xfd\x99\x75\x3d\xff\x93\x6e\x36\xff\x93\x6e\x36\xff\x93\x6e\x36\
\xff\x95\x6e\x37\xff\x93\x6e\x37\xff\x93\x6e\x37\xff\x9b\x78\x3f\
\xff\x65\x33\x00\xff\x00\x00\x00\x00\x00\x00\x00\x00\x88\x3d\x1a\
\x19\x00\x00\x00\x00\x00\x00\x00\x00\x88\x3d\x1a\x19\xad\x74\x3e\
\xff\xb4\x70\x13\xff\x9b\x53\x13\xff\xd5\xc8\xc5\xff\xff\xff\xff\
\xff\xff\xff\xff\xff\xff\xff\xff\xff\xff\xff\xff\xff\xff\xff\xff\
\xff\xa9\x89\x53\xff\x00\x00\x00\x00\x00\x00\x00\x00\xbd\x76\x04\
\xd8\x88\x3d\x1a\x19\x88\x3d\x1a\x19\xb1\x6d\x1e\xd8\xcf\x90\x28\
\xff\xca\x88\x13\xff\xa9\x63\x11\xff\x8a\x3f\x19\xff\xf1\xec\xe8\
\xff\xf1\xed\xe2\xff\xee\xea\xdd\xff\xed\xe8\xdf\xff\xff\xff\xff\
\xff\x9a\x75\x3d\xff\x00\x00\x00\x00\x00\x00\x00\x00\xd5\x9d\x4d\
\xff\xc0\x81\x33\xd8\xb9\x77\x27\xd8\xd7\x9f\x3e\xff\xcf\x91\x28\
\xff\xb5\x87\x6f\xff\xc9\xb5\xaa\xff\x9c\x6d\x5e\xff\xf3\xf0\xea\
\xff\xf3\xf0\xea\xff\xf7\xf1\xed\xff\xf3\xf1\xea\xff\xff\xff\xff\
\xff\x9a\x75\x3d\xff\x8e\x65\x29\xfd\xb6\x98\x70\xff\xdb\xa6\x54\
\xff\xe7\xb8\x67\xff\xe4\xb3\x58\xff\xd8\x9f\x3f\xff\xaf\x74\x3e\
\xff\xf7\xf4\xf4\xff\xf2\xef\xe7\xff\xeb\xe6\xe0\xff\xf3\xf2\xeb\
\xff\xf6\xf2\xec\xff\xfa\xf3\xf1\xff\xf9\xf2\xed\xff\xff\xff\xff\
\xff\x9a\x75\x3d\xff\xcb\xb8\x99\xff\xff\xff\xff\xff\xdb\xa6\x54\
\xff\xec\xbf\x6b\xff\xe5\xb3\x58\xff\xc1\x83\x30\xff\xb2\x95\x70\
\xff\xff\xff\xff\xff\xf2\xee\xe6\xff\xf2\xed\xe8\xff\xf6\xef\xec\
\xff\xf9\xf8\xf1\xff\xfb\xfb\xf6\xff\xf5\xef\xe9\xff\xff\xff\xff\
\xff\x9c\x77\x42\xff\xc4\xaf\x8e\xff\xff\xff\xff\xff\xdb\xa6\x54\
\xff\xec\xbf\x6b\xff\xe5\xb3\x58\xff\xd8\xa0\x3f\xff\xad\x74\x3b\
\xff\xf7\xf4\xf4\xff\xf6\xf3\xea\xff\xfa\xf7\xf3\xff\xf9\xf8\xf8\
\xff\xf9\xfb\xfa\xff\xf7\xf5\xf2\xff\xeb\xe3\xd9\xff\xf6\xf6\xf4\
\xff\x9a\x73\x3a\xff\xc4\xaf\x8c\xff\xff\xff\xff\xff\xdc\xbf\xa9\
\xff\xda\xbf\xac\xff\xd7\xbf\xad\xff\xd3\xb9\xaa\xff\xb3\x8b\x68\
\xff\xe2\xd7\xd3\xff\xf8\xfa\xf5\xff\xf9\xf9\xfb\xff\xfb\xfb\xfd\
\xff\xf8\xf7\xf1\xff\xee\xed\xe6\xff\xe4\xdb\xd3\xff\xe8\xdf\xd4\
\xff\x92\x6c\x2f\xff\xc4\xaf\x8c\xff\xff\xff\xff\xff\xf2\xed\xe7\
\xff\xf3\xf0\xe8\xff\xf7\xf3\xed\xff\xf6\xf1\xeb\xff\xc7\xb2\x92\
\xff\xff\xff\xff\xff\xf8\xf8\xf8\xff\xf9\xfb\xfb\xff\xf9\xfa\xf3\
\xff\xf1\xee\xe3\xff\xde\xd2\xc3\xff\xc7\xb0\x95\xff\xc9\xb4\x93\
\xff\x8c\x63\x24\xff\xc2\xad\x8a\xff\xff\xff\xff\xff\xf3\xeb\xe6\
\xff\xf6\xf0\xeb\xff\xf9\xf4\xf3\xff\xfa\xf9\xf1\xff\xc8\xb5\x99\
\xff\xff\xff\xff\xff\xf8\xfa\xfb\xff\xf9\xfa\xf6\xff\xf2\xec\xe2\
\xff\xe4\xd9\xca\xff\xd0\xbf\xa7\xff\xec\xe3\xdc\xff\xb5\x96\x6b\
\xff\x81\x53\x09\xff\xc7\xb6\x99\xef\xff\xff\xff\xff\xf7\xf7\xee\
\xff\xfb\xf9\xf9\xff\xfb\xfb\xfd\xff\xf6\xf6\xf2\xff\xc9\xb9\x9d\
\xff\xff\xff\xff\xff\xfa\xfa\xf7\xff\xf2\xed\xe5\xff\xe3\xd9\xd0\
\xff\xd1\xbd\xa2\xff\xc5\xae\x90\xff\xea\xe6\xe1\xff\xb8\x9e\x73\
\xff\x00\x00\x00\x00\xca\xb9\x9c\xef\xff\xff\xff\xff\xf8\xf8\xf7\
\xff\xf9\xf9\xff\xff\xfc\xfd\xfc\xff\xef\xeb\xdf\xff\xc9\xb7\x98\
\xff\xff\xff\xff\xff\xf9\xf8\xf6\xff\xea\xe0\xd5\xff\xd6\xcb\xb5\
\xff\xc7\xaf\x8b\xff\x9b\x78\x3a\xff\x9f\x7f\x4c\xff\x00\x00\x00\
\x00\x00\x00\x00\x00\xce\xbe\xa2\xef\xff\xff\xff\xff\xf8\xf8\xfa\
\xff\xfa\xfa\xf7\xff\xfb\xfa\xf3\xff\xc9\xb4\x99\xff\xc5\xb0\x90\
\xff\xc0\xa5\x84\xff\xc0\xa5\x84\xff\xc0\xa5\x84\xff\xb7\x9b\x70\
\xff\xa7\x89\x54\xff\x8a\x62\x20\xff\x00\x00\x00\x00\x00\x00\x00\
\x00\x00\x00\x00\x00\xd1\xbf\xa6\xff\xff\xff\xff\xff\xf9\xfb\xf9\
\xff\xf2\xee\xea\xff\xeb\xe3\xda\xff\xca\xb5\x98\xff\xf1\xea\xe5\
\xff\xb6\x99\x6c\xff\x9c\x77\x3b\xff\x00\x00\x00\x00\x00\x00\x00\
\x00\x00\x00\x00\x00\x00\x00\x00\x00\x00\x00\x00\x00\x00\x00\x00\
\x00\x00\x00\x00\x00\xd4\xc9\xb3\xff\xff\xff\xff\xff\xfc\xfa\xf5\
\xff\xed\xe6\xdc\xff\xdc\xd0\xc1\xff\xc0\xa7\x80\xff\xa9\x8c\x59\
\xff\x92\x69\x29\xff\x00\x00\x00\x00\x00\x00\x00\x00\x00\x00\x00\
\x00\x00\x00\x00\x00\x00\x00\x00\x00\x00\x00\x00\x00\x00\x00\x00\
\x00\x00\x00\x00\x00\xc6\xb2\x93\xff\xe9\xe2\xd7\xf4\xd6\xc6\xb3\
\xff\xc9\xba\x9c\xff\xbc\xa3\x7c\xff\xa3\x85\x4e\xfa\x92\x6c\x2b\
\xff\x00\x00\x00\x00\x00\x00\x00\x00\x00\x00\x00\x00\x00\x00\x00\
\x00\x00\x00\x00\x00\x00\x00\x00\x00\x00\x00\x00\x00\x00\x00\x00\
\x00\x00\x00\x00\x00\xfc\x00\x00\x00\xd8\x00\x00\x00\xc0\x00\x00\
\x00\xc0\x00\x00\x00\x00\x00\x00\x00\x00\x00\x00\x00\x00\x00\x00\
\x00\x00\x00\x00\x00\x00\x00\x00\x00\x00\x00\x00\x00\x00\x01\x00\
\x00\x00\x03\x00\x00\x00\x07\x00\x00\x00\x7f\x00\x00\x00\xff\x00\
\x00\x01\xff\x00\x00\
\x00\x00\x09\xf6\
\x00\
\x00\x01\x00\x02\x00\x10\x10\x00\x00\x01\x00\x08\x00\x68\x05\x00\
\x00\x26\x00\x00\x00\x10\x10\x00\x00\x01\x00\x20\x00\x68\x04\x00\
\x00\x8e\x05\x00\x00\x28\x00\x00\x00\x10\x00\x00\x00\x20\x00\x00\
\x00\x01\x00\x08\x00\x00\x00\x00\x00\x40\x01\x00\x00\x00\x00\x00\
\x00\x00\x00\x00\x00\x00\x01\x00\x00\x00\x00\x00\x00\x83\x57\x16\
\x00\xfa\xfa\xfa\x00\xf7\xf5\xef\x00\x9f\x7a\x45\x00\xfa\xfa\xfb\
\x00\xf4\xf1\xe8\x00\x8b\x60\x1f\x00\xf7\xf3\xee\x00\xfc\xfc\xfc\
\x00\xf5\xf2\xe9\x00\xfa\xfb\xf8\x00\xfa\xfb\xfb\x00\xfd\xff\xff\
\x00\xf7\xf5\xf0\x00\xf9\xfc\xfc\x00\xf6\xf3\xeb\x00\xbb\xa4\x7c\
\x00\xff\xff\xff\x00\xeb\xe6\xdd\x00\x00\x00\x00\x00\x00\x00\x00\
\x00\xfb\xf5\xf2\x00\x00\x00\x00\x00\xdc\xcc\xbc\x00\xf6\xf2\xed\
\x00\x00\x00\x00\x00\xf6\xf4\xef\x00\xf2\xed\xe5\x00\xea\xe3\xdc\
\x00\xfa\xfa\xfc\x00\xac\x8d\x5c\x00\xf4\xf1\xec\x00\xfb\xf7\xf6\
\x00\x00\x00\x00\x00\x00\x00\x00\x00\xfa\xf7\xf5\x00\x8f\x65\x26\
\x00\xc2\xa9\x83\x00\xfa\xf9\xf8\x00\xb4\x98\x6c\x00\xfb\xfc\xfc\
\x00\xb6\x9e\x73\x00\x00\x00\x00\x00\xb7\x9d\x72\x00\x00\x00\x00\
\x00\xac\x91\x64\x00\xbf\xaa\x88\x00\xbf\xa9\x88\x00\x00\x00\x00\
\x00\x00\x00\x00\x00\x00\x00\x00\x00\x00\x00\x00\x00\xca\xba\x9f\
\x00\xf6\xf3\xee\x00\xd4\xc2\xab\x00\x00\x00\x00\x00\x00\x00\x00\
\x00\xf9\xf4\xf4\x00\xef\xed\xe9\x00\x63\x33\x00\x00\xf7\xf1\xf0\
\x00\xf0\xeb\xe7\x00\x00\x00\x00\x00\xd6\xc6\xb4\x00\x00\x00\x00\
\x00\x00\x00\x00\x00\xf7\xf4\xf1\x00\x00\x00\x00\x00\xe1\xd8\xca\
\x00\x00\x00\x00\x00\x00\x00\x00\x00\x00\x00\x00\x00\x00\x00\x00\
\x00\x00\x00\x00\x00\xeb\xe1\xd5\x00\x00\x00\x00\x00\xac\x93\x5e\
\x00\x00\x00\x00\x00\xf5\xef\xe9\x00\x00\x00\x00\x00\xfd\xfa\xf9\
\x00\x00\x00\x00\x00\xf5\xf0\xea\x00\xf4\xf1\xe7\x00\x00\x00\x00\
\x00\x00\x00\x00\x00\x00\x00\x00\x00\x00\x00\x00\x00\xdb\xcd\xbb\
\x00\xed\xe7\xdf\x00\x00\x00\x00\x00\x00\x00\x00\x00\xc0\xa8\x83\
\x00\x00\x00\x00\x00\xfa\xf7\xf1\x00\xcc\xb8\x9d\x00\xcb\xb4\x97\
\x00\x00\x00\x00\x00\xca\xb5\x95\x00\xf3\xee\xe3\x00\x00\x00\x00\
\x00\xc8\xb7\x96\x00\xf6\xf3\xea\x00\x00\x00\x00\x00\x00\x00\x00\
\x00\xc3\xaf\x90\x00\x00\x00\x00\x00\x8d\x62\x23\x00\x00\x00\x00\
\x00\x00\x00\x00\x00\xdc\xd3\xc2\x00\x00\x00\x00\x00\xf0\xee\xe6\
\x00\xc4\xaf\x8c\x00\xdc\xcf\xbb\x00\x00\x00\x00\x00\x00\x00\x00\
\x00\x00\x00\x00\x00\x00\x00\x00\x00\xb0\x93\x65\x00\xf1\xe7\xe0\
\x00\x00\x00\x00\x00\x00\x00\x00\x00\xfa\xfb\xf1\x00\xf6\xf5\xeb\
\x00\xf9\xf8\xf1\x00\x8b\x61\x21\x00\x00\x00\x00\x00\x00\x00\x00\
\x00\xc1\xac\x8b\x00\xfa\xfb\xf6\x00\x00\x00\x00\x00\x00\x00\x00\
\x00\x00\x00\x00\x00\x00\x00\x00\x00\x00\x00\x00\x00\x00\x00\x00\
\x00\xf7\xf2\xf1\x00\x00\x00\x00\x00\x00\x00\x00\x00\x00\x00\x00\
\x00\x00\x00\x00\x00\xfa\xfa\xf6\x00\x00\x00\x00\x00\xfb\xf8\xf4\
\x00\x00\x00\x00\x00\xf5\xf3\xee\x00\x00\x00\x00\x00\xfb\xf8\xf9\
\x00\xb2\x9a\x6b\x00\xed\xe6\xd9\x00\x00\x00\x00\x00\x00\x00\x00\
\x00\xe7\xde\xd1\x00\x6f\x3b\x00\x00\xa5\x89\x56\x00\xf6\xf5\xed\
\x00\x00\x00\x00\x00\x00\x00\x00\x00\xea\xe2\xd9\x00\xfb\xf5\xf3\
\x00\x00\x00\x00\x00\xd6\xc7\xb3\x00\x00\x00\x00\x00\xfa\xfa\xf8\
\x00\xea\xe1\xd7\x00\xea\xe3\xda\x00\x00\x00\x00\x00\x00\x00\x00\
\x00\x00\x00\x00\x00\xf1\xeb\xe2\x00\xc7\xb5\x94\x00\x00\x00\x00\
\x00\xf7\xf6\xf0\x00\x00\x00\x00\x00\x00\x00\x00\x00\xca\xb5\x98\
\x00\x00\x00\x00\x00\xf6\xf1\xef\x00\xf8\xf3\xee\x00\xac\x92\x61\
\x00\xc8\xb4\x97\x00\x00\x00\x00\x00\x00\x00\x00\x00\xe7\xdf\xd4\
\x00\xff\xff\xfe\x00\xf5\xf3\xeb\x00\x00\x00\x00\x00\x00\x00\x00\
\x00\x00\x00\x00\x00\xf8\xf5\xee\x00\xfc\xfa\xfa\x00\xc4\xad\x88\
\x00\x00\x00\x00\x00\xf8\xf9\xf2\x00\x00\x00\x00\x00\x00\x00\x00\
\x00\xf7\xf1\xec\x00\x00\x00\x00\x00\x00\x00\x00\x00\x00\x00\x00\
\x00\x00\x00\x00\x00\x00\x00\x00\x00\xf2\xf1\xe8\x00\x00\x00\x00\
\x00\x00\x00\x00\x00\xf8\xf7\xf1\x00\x00\x00\x00\x00\xbc\xa4\x7e\
\x00\xf8\xf5\xf3\x00\xca\xb7\x9b\x00\xdb\xcf\xba\x00\xc8\xb9\x9d\
\x00\xc7\xb0\x93\x00\xef\xe7\xde\x00\x00\x00\x00\x00\x00\x00\x00\
\x00\x00\x00\x00\x00\x00\x00\x00\x00\xe0\xcf\xc2\x00\x00\x00\x00\
\x00\x00\x00\x00\x00\x00\x00\x00\x00\xba\xa0\x7b\x00\xf8\xf4\xef\
\x00\xfb\xfb\xfc\x00\xb6\x9d\x76\x00\x00\x00\x00\x00\x00\x00\x00\
\x00\x00\x00\x00\x00\xba\xa1\x7b\x00\x00\x00\x00\x00\xe3\xdc\xcf\
\x00\x00\x00\x00\x00\x00\x00\x00\x00\xc8\xb8\x98\x00\xb8\x9f\x75\
\x00\x00\x00\x00\x00\x00\x00\x00\x00\xfb\xfc\xf9\x00\xbb\xa2\x7b\
\x00\x00\x00\x00\x00\xee\xeb\xe7\x00\x00\x00\x00\x00\xbb\xa5\x80\
\x00\xc1\xa7\x83\x00\xf0\xea\xe4\x00\xcd\xbd\xa3\x00\x9e\x78\x43\
\x00\x8f\x67\x29\x00\x00\x00\x00\x00\x87\x5d\x1e\x00\xf5\xf2\xed\
\x00\x00\x00\x00\x00\x00\x00\x00\x00\x00\x00\x00\x00\x13\x13\x13\
\x13\x13\x13\x9a\x00\x00\x00\x00\x00\x00\x00\x00\x3b\x13\x13\x13\
\x13\x13\x13\x77\x1a\x53\x05\x05\x59\x78\xaa\x96\x06\x13\x13\x13\
\x13\x13\x13\xe2\x02\xfc\xfc\xfc\x66\xcb\x92\x4e\x06\x13\x13\x13\
\x13\x13\x13\xec\x02\xfc\xfc\xfc\xfc\x89\x0d\x7c\x06\xfb\x03\x03\
\x03\x03\xf8\x29\x02\xfc\xfc\xfc\x1f\xa0\x15\xb2\x06\x2b\xe0\x0f\
\x0f\x9c\xc5\x2d\x02\xfc\x1f\x3c\x7b\x82\x52\xd6\x7e\xf4\x07\xfc\
\xfc\xfc\xc2\x27\x5e\x0d\x20\x23\x0a\x20\xf6\xb8\x6b\x10\x07\xfc\
\xfc\xfc\x94\xdf\x08\x8e\x01\x04\x09\x70\xe8\x58\x24\x10\x07\xfc\
\xfc\x35\x50\xd0\x08\x01\x04\x0a\x63\x12\xdb\x36\xf9\xe6\xb3\x18\
\x42\x39\xb9\x2f\x0e\x01\xad\x1b\x99\xb5\x3d\x5f\x13\x2e\x90\x7d\
\xbf\x26\x0c\x81\x08\x0b\x3a\x1c\x17\xf5\xa5\x62\x13\x69\x08\xa4\
\x1d\xef\xba\x65\x0c\xd1\x4a\x6e\x60\x4c\x13\x13\x13\xab\x28\x01\
\x0a\xbe\xd5\xf0\xd3\x3f\xd4\x71\x95\x9b\x13\x13\x13\xd2\x08\x0b\
\xf2\x9f\xb0\x17\x1e\x13\x13\x13\x13\x13\x13\x13\x13\x34\xe1\xce\
\xa6\x44\x25\xf7\x13\x13\x13\x13\x13\x13\x13\x13\x13\x5c\x72\xa2\
\xeb\xc0\xb4\x13\x13\x13\x13\x13\x13\x13\x13\x13\x13\xfc\x00\x00\
\x00\xfc\x00\x00\x00\xfc\x00\x00\x00\xfc\x00\x00\x00\x00\x00\x00\
\x00\x00\x00\x00\x00\x00\x00\x00\x00\x00\x00\x00\x00\x00\x00\x00\
\x00\x00\x01\x00\x00\x00\x01\x00\x00\x00\x07\x00\x00\x00\x07\x00\
\x00\x00\xff\x00\x00\x01\xff\x00\x00\x03\xff\x00\x00\x28\x00\x00\
\x00\x10\x00\x00\x00\x20\x00\x00\x00\x01\x00\x20\x00\x00\x00\x00\
\x00\x40\x04\x00\x00\x00\x00\x00\x00\x00\x00\x00\x00\x00\x00\x00\
\x00\x00\x00\x00\x00\x00\x00\x00\x00\x00\x00\x00\x00\x00\x00\x00\
\x00\x00\x00\x00\x00\x00\x00\x00\x00\x00\x00\x00\x00\x79\x48\x0a\
\xfd\x99\x75\x3d\xff\x93\x6e\x36\xff\x93\x6e\x36\xff\x93\x6e\x36\
\xff\x95\x6e\x37\xff\x93\x6e\x37\xff\x93\x6e\x37\xff\x9b\x78\x3f\
\xff\x65\x33\x00\xff\x00\x00\x00\x00\x00\x00\x00\x00\x00\x00\x00\
\x00\x00\x00\x00\x00\x00\x00\x00\x00\x00\x00\x00\x00\xc3\xaf\x8f\
\xff\xff\xff\xff\xff\xff\xff\xff\xff\xff\xff\xff\xff\xff\xff\xff\
\xff\xff\xff\xff\xff\xff\xff\xff\xff\xff\xff\xff\xff\xff\xff\xff\
\xff\xa9\x89\x53\xff\x00\x00\x00\x00\x00\x00\x00\x00\x00\x00\x00\
\x00\x00\x00\x00\x00\x00\x00\x00\x00\x00\x00\x00\x00\xc3\xaf\x8f\
\xff\xff\xff\xff\xff\xef\xeb\xe1\xff\xf1\xec\xe4\xff\xf1\xec\xe8\
\xff\xf1\xed\xe2\xff\xee\xea\xdd\xff\xed\xe8\xdf\xff\xff\xff\xff\
\xff\x9a\x75\x3d\xff\x00\x00\x00\x00\x00\x00\x00\x00\x00\x00\x00\
\x00\x00\x00\x00\x00\x00\x00\x00\x00\x00\x00\x00\x00\xc6\xb2\x90\
\xff\xff\xff\xff\xff\xf2\xef\xe7\xff\xf3\xf0\xea\xff\xf3\xf0\xea\
\xff\xf3\xf0\xea\xff\xf7\xf1\xed\xff\xf3\xf1\xea\xff\xff\xff\xff\
\xff\x9a\x75\x3d\xff\x8e\x65\x29\xfd\xb6\x98\x70\xff\xb0\x92\x67\
\xff\xb0\x92\x67\xff\xb0\x93\x69\xff\xa6\x82\x52\xff\xc1\xac\x8a\
\xff\xff\xff\xff\xff\xf2\xef\xe7\xff\xf3\xf0\xea\xff\xf3\xf2\xeb\
\xff\xf6\xf2\xec\xff\xfa\xf3\xf1\xff\xf9\xf2\xed\xff\xff\xff\xff\
\xff\x9a\x75\x3d\xff\xcb\xb8\x99\xff\xff\xff\xff\xff\xff\xff\xff\
\xff\xff\xff\xff\xff\xff\xff\xff\xff\xff\xfe\xff\xff\xba\xa2\x7b\
\xff\xff\xff\xff\xff\xf2\xee\xe6\xff\xf2\xed\xe8\xff\xf6\xef\xec\
\xff\xf9\xf8\xf1\xff\xfb\xfb\xf6\xff\xf5\xef\xe9\xff\xff\xff\xff\
\xff\x9c\x77\x42\xff\xc4\xaf\x8e\xff\xff\xff\xff\xff\xef\xea\xe3\
\xff\xf1\xec\xe7\xff\xf2\xf0\xe9\xff\xed\xea\xdd\xff\xbf\xa9\x84\
\xff\xff\xff\xff\xff\xf6\xf3\xea\xff\xfa\xf7\xf3\xff\xf9\xf8\xf8\
\xff\xf9\xfb\xfa\xff\xf7\xf5\xf2\xff\xeb\xe3\xd9\xff\xf6\xf6\xf4\
\xff\x9a\x73\x3a\xff\xc4\xaf\x8c\xff\xff\xff\xff\xff\xf2\xed\xe7\
\xff\xf3\xf0\xea\xff\xf3\xf2\xec\xff\xf3\xed\xe7\xff\xc2\xad\x8f\
\xff\xff\xff\xff\xff\xf8\xfa\xf5\xff\xf9\xf9\xfb\xff\xfb\xfb\xfd\
\xff\xf8\xf7\xf1\xff\xee\xed\xe6\xff\xe4\xdb\xd3\xff\xe8\xdf\xd4\
\xff\x92\x6c\x2f\xff\xc4\xaf\x8c\xff\xff\xff\xff\xff\xf2\xed\xe7\
\xff\xf3\xf0\xe8\xff\xf7\xf3\xed\xff\xf6\xf1\xeb\xff\xc7\xb2\x92\
\xff\xff\xff\xff\xff\xf8\xf8\xf8\xff\xf9\xfb\xfb\xff\xf9\xfa\xf3\
\xff\xf1\xee\xe3\xff\xde\xd2\xc3\xff\xc7\xb0\x95\xff\xc9\xb4\x93\
\xff\x8c\x63\x24\xff\xc2\xad\x8a\xff\xff\xff\xff\xff\xf3\xeb\xe6\
\xff\xf6\xf0\xeb\xff\xf9\xf4\xf3\xff\xfa\xf9\xf1\xff\xc8\xb5\x99\
\xff\xff\xff\xff\xff\xf8\xfa\xfb\xff\xf9\xfa\xf6\xff\xf2\xec\xe2\
\xff\xe4\xd9\xca\xff\xd0\xbf\xa7\xff\xec\xe3\xdc\xff\xb5\x96\x6b\
\xff\x81\x53\x09\xff\xc7\xb6\x99\xef\xff\xff\xff\xff\xf7\xf7\xee\
\xff\xfb\xf9\xf9\xff\xfb\xfb\xfd\xff\xf6\xf6\xf2\xff\xc9\xb9\x9d\
\xff\xff\xff\xff\xff\xfa\xfa\xf7\xff\xf2\xed\xe5\xff\xe3\xd9\xd0\
\xff\xd1\xbd\xa2\xff\xc5\xae\x90\xff\xea\xe6\xe1\xff\xb8\x9e\x73\
\xff\x00\x00\x00\x00\xca\xb9\x9c\xef\xff\xff\xff\xff\xf8\xf8\xf7\
\xff\xf9\xf9\xff\xff\xfc\xfd\xfc\xff\xef\xeb\xdf\xff\xc9\xb7\x98\
\xff\xff\xff\xff\xff\xf9\xf8\xf6\xff\xea\xe0\xd5\xff\xd6\xcb\xb5\
\xff\xc7\xaf\x8b\xff\x9b\x78\x3a\xff\x9f\x7f\x4c\xff\x00\x00\x00\
\x00\x00\x00\x00\x00\xce\xbe\xa2\xef\xff\xff\xff\xff\xf8\xf8\xfa\
\xff\xfa\xfa\xf7\xff\xfb\xfa\xf3\xff\xc9\xb4\x99\xff\xc5\xb0\x90\
\xff\xc0\xa5\x84\xff\xc0\xa5\x84\xff\xc0\xa5\x84\xff\xb7\x9b\x70\
\xff\xa7\x89\x54\xff\x8a\x62\x20\xff\x00\x00\x00\x00\x00\x00\x00\
\x00\x00\x00\x00\x00\xd1\xbf\xa6\xff\xff\xff\xff\xff\xf9\xfb\xf9\
\xff\xf2\xee\xea\xff\xeb\xe3\xda\xff\xca\xb5\x98\xff\xf1\xea\xe5\
\xff\xb6\x99\x6c\xff\x9c\x77\x3b\xff\x00\x00\x00\x00\x00\x00\x00\
\x00\x00\x00\x00\x00\x00\x00\x00\x00\x00\x00\x00\x00\x00\x00\x00\
\x00\x00\x00\x00\x00\xd4\xc9\xb3\xff\xff\xff\xff\xff\xfc\xfa\xf5\
\xff\xed\xe6\xdc\xff\xdc\xd0\xc1\xff\xc0\xa7\x80\xff\xa9\x8c\x59\
\xff\x92\x69\x29\xff\x00\x00\x00\x00\x00\x00\x00\x00\x00\x00\x00\
\x00\x00\x00\x00\x00\x00\x00\x00\x00\x00\x00\x00\x00\x00\x00\x00\
\x00\x00\x00\x00\x00\xc6\xb2\x93\xff\xe9\xe2\xd7\xf4\xd6\xc6\xb3\
\xff\xc9\xba\x9c\xff\xbc\xa3\x7c\xff\xa3\x85\x4e\xfa\x92\x6c\x2b\
\xff\x00\x00\x00\x00\x00\x00\x00\x00\x00\x00\x00\x00\x00\x00\x00\
\x00\x00\x00\x00\x00\x00\x00\x00\x00\x00\x00\x00\x00\x00\x00\x00\
\x00\x00\x00\x00\x00\xfc\x00\x00\x00\xfc\x00\x00\x00\xfc\x00\x00\
\x00\xfc\x00\x00\x00\x00\x00\x00\x00\x00\x00\x00\x00\x00\x00\x00\
\x00\x00\x00\x00\x00\x00\x00\x00\x00\x00\x00\x00\x00\x00\x01\x00\
\x00\x00\x03\x00\x00\x00\x07\x00\x00\x00\x7f\x00\x00\x00\xff\x00\
\x00\x01\xff\x00\x00\
\x00\x00\x03\x91\
\x00\
\x00\x0e\xae\x78\x9c\xed\x96\xbf\x6f\xdb\x46\x14\xc7\x1f\xcd\x00\
\x34\xdd\x14\xf2\x7f\x20\x85\x4b\x02\xb4\x43\xa7\xae\xf2\xd4\x3f\
\xa3\x40\xb7\x8e\x41\x17\x3b\x40\x02\x1d\xa7\x78\xe8\x0f\x6d\xc1\
\x0d\x01\x32\x7b\xea\x96\xa2\xea\x40\x4e\x5d\x34\x74\xeb\x60\x10\
\x50\xd1\x25\xa3\xb2\x71\x10\x74\xf9\xbe\xf7\xee\xc4\x23\x23\xcb\
\x06\x02\x77\xea\xb3\x9f\xbf\x7c\xfc\xe8\xcb\x3b\x3e\x9e\x78\x26\
\x4a\x28\xa5\xd3\xd3\x53\x22\x7a\x40\x4f\x12\xa2\xaf\x71\x34\x99\
\x68\xfd\xee\x88\xe8\x5b\x9c\x3b\x3b\xd3\xfa\xfb\x13\xa2\x6f\x1e\
\x10\x3d\x41\xc5\x67\x26\xc8\x04\xe7\x39\x0c\x75\x71\xea\x93\x02\
\x61\x68\x8c\x0a\xff\xf0\x29\xfc\xa9\xaa\x0a\x67\x9c\xfc\x92\x73\
\x2a\xfc\xc3\xa7\xf8\xcf\x2e\xe6\x57\x88\x37\x94\x7b\xb5\xf3\x2b\
\xa2\x93\x37\xf9\xdc\x2b\xdd\xac\xfc\xf9\x9d\xe6\x73\xb9\x5a\x6e\
\x1f\x2e\x11\x55\x3e\x5f\xa2\x5a\x52\xfe\x10\xf3\xe0\xe4\xb3\xcb\
\x6e\xd4\x35\x72\x85\xe4\x59\x9a\x16\xf7\x84\xfc\x2a\x4e\xd2\x9c\
\xf8\xcf\xa7\xef\x89\xb2\x7f\x71\x90\x21\x47\xda\x27\x66\x67\x51\
\x9f\xe8\xe8\x3e\xfb\x74\x20\x4e\xae\x42\x68\x0f\x06\xb5\xed\xd7\
\x39\x6a\xd6\xa6\xf9\x5d\xd4\x6a\xfd\x79\x73\x2d\x75\xee\xeb\xa6\
\x59\x48\x6d\x5f\xa3\x6e\x10\xd7\x52\xe7\xb6\xf1\xf5\x42\x6a\xfb\
\xda\xd7\xd7\x8b\x05\xfb\x6c\x51\xa0\x2e\x8a\xe2\x8b\xc5\xaf\x83\
\x9a\xf6\xd6\x32\x3f\xa2\x4f\xab\xbb\xfb\xbb\xbd\xce\x6d\xdc\x3b\
\x8b\x15\xb7\x0c\x81\x67\x61\xfd\x0a\x0a\xeb\xc5\x02\xf3\x23\xc2\
\x78\xa2\x16\x98\xa4\xfe\x43\xd4\x63\xd4\xaa\x1e\x53\xf1\xa5\x6a\
\xef\xe2\x88\xde\xc5\x6f\x0f\xc7\x51\x51\xe2\x0c\x12\x4b\x6d\x8b\
\xdc\xa4\x9b\xa4\x4d\xdb\x64\x9d\xae\x93\x15\x6a\x5c\x38\x31\x44\
\x8f\x90\xdf\x21\xff\xe1\xfc\x25\xad\xfa\x89\xcf\x84\xfc\x19\xf9\
\x23\x96\xf4\x25\x56\xb3\x19\x57\x23\x33\xad\xc6\x66\x56\x4d\x8d\
\xab\x66\xf0\xca\x50\x86\x52\x19\x9a\xd7\xf9\x19\xe9\xf2\xdd\xad\
\xf3\xe3\x6e\x7e\x77\x59\xe7\xbc\xc6\x79\xad\x7f\xf2\x3a\xbf\x5b\
\x5c\xed\x89\x08\xcf\x0f\xf3\xfc\x16\x6e\x0f\xf3\x9c\xf9\xf9\x20\
\x22\x6e\x99\x3f\xed\x2e\xf7\x53\xd3\xfc\xf5\xb6\xe3\xf9\x80\x1f\
\xe3\x8b\xf5\x59\xc4\xed\x80\xb3\x7d\xd1\xf1\x7c\xc0\xc5\x1e\x71\
\x6b\x5f\xf5\xb8\xd8\x3b\x0e\xfb\x79\xcc\xd5\xbe\x78\x19\x38\xec\
\x2f\x63\xae\xf6\xdf\xb2\xf0\xde\xb1\xf6\x22\x8b\xb8\xb7\x9b\xc0\
\x61\x37\x31\xf7\x76\xca\xc2\x7b\xc9\x5e\x50\xc4\x83\x3d\x70\xd8\
\x2f\x2f\x65\xfc\x8b\x4b\x8e\x60\xf7\x1c\xf6\x17\x4d\xf3\x37\xf3\
\x17\x8d\x0f\xb1\x7b\x0e\x7b\x33\xe0\x6a\x57\xae\xf6\x3e\x57\x7b\
\xe0\xaf\x78\x12\xf1\xfc\x49\xed\x81\xff\x80\x97\x5a\xf1\x98\xb9\
\x1c\x15\xc5\x44\xed\x07\xb8\xd8\xef\xca\xe5\xae\xa3\xfb\x1f\xf2\
\xa7\xfd\xf9\x1d\xff\xcf\xef\x8b\xef\xfb\x7e\xc7\x7c\xdf\xfb\xe1\
\x3f\xe2\xcf\xec\x9c\xf6\x86\xf2\xcc\x46\xbb\xdb\x32\xde\x9a\x94\
\x3f\x8b\x36\xc3\x28\x82\xff\x66\xbb\x72\xb1\xff\x39\xe8\x8e\xee\
\x74\xcc\xd5\x1e\xde\x0e\xbe\xbf\xcf\x75\x63\x64\xae\x76\xea\xf1\
\xcc\x6f\x94\xe0\x3d\x7b\xe0\xde\xce\xbc\x67\xf7\x3c\xd8\xc1\xcf\
\x7b\x76\xcf\x83\x1d\xbc\x6f\x57\xbe\xb3\xcb\xab\x35\xb6\x2b\xdf\
\xd9\xe5\xcd\x1d\xdb\x85\xbf\xed\x76\xf9\x7c\x60\x17\xde\xd9\x79\
\xe3\xe8\xd9\x99\x47\x76\xfd\xc7\x76\xd0\xd9\xc8\x8e\x7d\xeb\x86\
\x07\x17\xf8\x4d\x0f\x2e\xc4\x61\xfb\x7d\x87\xdb\x45\xcb\x65\xe2\
\xdc\xda\xeb\xca\x6b\xe5\xd5\x78\x25\xd5\x2d\x8d\x71\x9c\xb8\x0d\
\x74\x0b\x6d\xa1\x1b\xe8\x1a\xda\x42\x57\xd0\x35\xb4\x82\xae\xe4\
\x1f\x9b\x31\x8e\x4b\x47\x66\xec\x4c\x52\x6e\x13\x28\xa5\xe5\x26\
\x35\xe3\x2d\x65\xa5\x8c\x4e\xa3\x52\x46\xa7\x71\x29\xa3\xd3\xb4\
\x94\xd1\x69\xe6\xd5\x95\x7e\x36\xaa\xe9\xc7\x5a\x3b\x33\x6e\xef\
\x47\x65\xe4\xdb\x55\xfb\x53\x6f\x45\xd3\x7a\x23\x9a\xd5\xfe\x06\
\x6b\x7f\x83\xf5\x0a\x2d\x4b\xd7\xd3\xba\x4a\xa1\xab\x59\x6d\x32\
\x68\xe5\x6a\x1a\x41\x4b\x69\x5b\x9b\xa6\xd0\xa9\x6b\x8f\x32\xe8\
\x0c\x6d\x1d\x41\x9d\xb4\xba\x4a\x58\xa7\x0e\x76\xe8\xcc\xf9\xfe\
\xec\x9e\x96\xef\x87\x6a\xe6\x75\xe4\x3e\x8a\x0f\x42\x6b\xb4\x0e\
\
\x00\x00\x00\x54\
\x00\
\x00\x06\x3e\x78\x9c\x63\x60\x60\x64\x60\x62\x10\x10\x60\x00\xd2\
\x1c\x0c\x19\xac\x0c\x0c\x6a\x0c\x0c\x40\x3e\x13\x90\xcf\xc8\xb0\
\x01\xc8\xee\x03\x8a\x69\x80\xc4\x80\x58\x81\x01\xa2\x6e\x14\x8c\
\x82\x51\x30\x0a\x46\x01\x2a\xf8\xff\x1f\x82\x1b\x98\x19\x18\xb6\
\xdd\x86\x60\x62\xd9\x20\x7d\xa8\xe5\x2c\xe3\xa0\x77\x2f\x00\xf1\
\xbd\x2d\x04\
\x00\x00\x00\x8b\
\x00\
\x00\x01\xfe\x78\x9c\xa5\x90\xc1\x0d\x83\x30\x10\x04\x77\x91\xf9\
\x1f\x15\x90\x57\x44\x19\xe9\x84\x56\xf8\xd0\x0f\xa9\xc0\x5d\xa4\
\x8f\x54\x00\x7b\xb6\x41\xf8\x11\x21\x85\x93\x56\xa3\xb9\xb3\xad\
\x93\x01\xa2\x81\x59\x23\x12\x0b\x80\xa7\x62\x66\xb2\x80\x81\xc0\
\x47\x3e\x78\x4f\x79\x28\x7e\xee\x67\xbd\x32\xd6\x55\xf9\x02\x53\
\x0b\x44\x31\xca\x63\x2f\x1f\x33\xdd\xdf\xca\x5c\xe8\xde\x2b\x63\
\xe1\xdd\xfb\xf5\xbe\xe1\x72\xdf\x7f\xab\xab\x0a\xb4\xd4\x25\x6d\
\xf7\x32\xb1\x64\x62\x9a\x9e\xfc\x98\xbb\xf9\x9c\xac\xfc\x78\x39\
\x93\xac\xfd\xee\x3f\x6d\x95\x12\x4d\x1f\
\x00\x00\x09\xf6\
\x00\
\x00\x01\x00\x02\x00\x10\x10\x00\x00\x01\x00\x08\x00\x68\x05\x00\
\x00\x26\x00\x00\x00\x10\x10\x00\x00\x01\x00\x20\x00\x68\x04\x00\
\x00\x8e\x05\x00\x00\x28\x00\x00\x00\x10\x00\x00\x00\x20\x00\x00\
\x00\x01\x00\x08\x00\x00\x00\x00\x00\x40\x01\x00\x00\x00\x00\x00\
\x00\x00\x00\x00\x00\x00\x01\x00\x00\x00\x00\x00\x00\x00\xc5\xfa\
\x00\x03\xb8\xf8\x00\x00\x00\x00\x00\x00\x00\x00\x00\x00\x00\x00\
\x00\x01\xe7\xf6\x00\x09\x75\xd8\x00\x04\xf1\xf6\x00\x00\x00\x00\
\x00\x05\xf2\xf7\x00\x00\x00\x00\x00\xff\xff\xff\x00\x00\x00\x00\
\x00\x26\x62\xc7\x00\x14\x82\xe0\x00\x13\x42\xbc\x00\x0e\x3b\xb4\
\x00\x00\x00\x00\x00\x06\x26\x8f\x00\x05\x26\x91\x00\x1d\x77\xdc\
\x00\x0c\x34\xb5\x00\x00\x00\x00\x00\x00\x00\x00\x00\x11\x3c\xb8\
\x00\x00\x00\x00\x00\x15\x82\xe1\x00\x00\x00\x00\x00\x00\x00\x00\
\x00\x62\x77\x91\x00\x76\x88\x94\x00\x00\x00\x00\x00\x00\x00\x00\
\x00\x00\x00\x00\x00\x00\x00\x00\x00\x00\x00\x00\x00\x00\x00\x00\
\x00\x00\x00\x00\x00\x00\x00\x00\x00\x00\x00\x00\x00\x04\xf7\xfc\
\x00\x61\x88\xae\x00\x1b\x59\xcf\x00\x0e\x5f\xcd\x00\x00\x00\x00\
\x00\x00\x00\x00\x00\x00\x00\x00\x00\x17\x51\xcb\x00\x00\x00\x00\
\x00\x00\x00\x00\x00\x16\x4c\xc5\x00\x0a\x77\xd9\x00\x3d\x5b\x81\
\x00\x00\x00\x00\x00\x00\x00\x00\x00\x00\x00\x00\x00\x00\x00\x00\
\x00\x15\x56\xcb\x00\x00\x00\x00\x00\x00\x00\x00\x00\x00\x00\x00\
\x00\x10\x4b\xca\x00\x00\x00\x00\x00\x90\xc3\xe9\x00\x0e\x7d\xe1\
\x00\x00\x00\x00\x00\x0e\x3d\xc1\x00\x00\x00\x00\x00\x0e\x44\xc6\
\x00\x37\x90\xe8\x00\x4f\x7a\x87\x00\xaa\xea\xff\x00\x00\x00\x00\
\x00\x00\x00\x00\x00\x00\x00\x00\x00\x00\x00\x00\x00\x00\x00\x00\
\x00\x00\x00\x00\x00\x00\x00\x00\x00\x09\x20\xf6\x00\xdb\xf5\xff\
\x00\xff\xfe\xf3\x00\x00\x00\x00\x00\x61\xbd\xf1\x00\x11\x35\xe0\
\x00\x01\xcf\xf9\x00\x00\x00\x00\x00\x00\x00\x00\x00\x00\x00\x00\
\x00\x00\x00\x00\x00\x00\x00\x00\x00\x00\x00\x00\x00\x00\x00\x00\
\x00\x05\xf2\xf6\x00\x00\x00\x00\x00\x00\x00\x00\x00\x10\x3b\xbb\
\x00\x00\x00\x00\x00\x00\x00\x00\x00\x15\x49\xc3\x00\x00\x00\x00\
\x00\x00\x00\x00\x00\xff\xf7\xf3\x00\x00\x00\x00\x00\x00\x01\xd0\
\x00\x5d\x64\x93\x00\x4f\xca\xfe\x00\x00\x00\x00\x00\x11\x5c\xd8\
\x00\x00\x00\x00\x00\x00\x00\x00\x00\x00\x00\x00\x00\x00\x00\x00\
\x00\x09\x77\xda\x00\x33\xd3\xfe\x00\x00\x00\x00\x00\x00\x00\x00\
\x00\x08\x1d\xf2\x00\x00\x00\x00\x00\x00\x00\x00\x00\x4e\x71\x7f\
\x00\x00\x00\x00\x00\x61\xc3\xe7\x00\x00\x00\x00\x00\x12\x38\xdd\
\x00\x00\x00\x00\x00\x00\x00\x00\x00\x00\xb7\xf8\x00\x59\x62\x93\
\x00\x00\x00\x00\x00\x60\xd6\xff\x00\x00\x00\x00\x00\x00\x00\x00\
\x00\x7d\xd5\xec\x00\x0c\x3e\xc0\x00\x00\x00\x00\x00\x14\x82\xe1\
\x00\x00\x00\x00\x00\x00\x00\x00\x00\x00\x00\x00\x00\x00\x00\x00\
\x00\x12\x50\xcf\x00\x00\x00\x00\x00\x71\xd5\xff\x00\x00\x00\x00\
\x00\x0d\x52\xd1\x00\x00\x00\x00\x00\x00\x05\x67\x00\x00\x00\x00\
\x00\x0f\x37\xb9\x00\x06\x13\xf2\x00\x00\x00\x00\x00\x0e\x43\xc4\
\x00\x00\x00\x00\x00\x00\x00\x00\x00\x00\x00\x00\x00\x00\x00\x00\
\x00\x09\x2a\xa5\x00\x00\x00\x00\x00\x91\xce\xf2\x00\x00\x00\x00\
\x00\x00\x00\x00\x00\x01\xe8\xf6\x00\x00\x00\x00\x00\x00\x00\x00\
\x00\x35\x77\xe6\x00\x00\x00\x00\x00\x00\x00\x00\x00\x10\x41\xf5\
\x00\x00\x00\x00\x00\x00\x00\x00\x00\x00\x00\x00\x00\x00\x00\x00\
\x00\x00\x00\x00\x00\x00\x00\x00\x00\x00\x00\x00\x00\x00\x00\x00\
\x00\x00\x00\x00\x00\x00\x00\x00\x00\x00\x00\x00\x00\x00\x00\x00\
\x00\x00\x00\x00\x00\x00\x00\x00\x00\x00\x00\x00\x00\x00\x00\x00\
\x00\x00\x00\x00\x00\x00\x00\x00\x00\x00\x00\x00\x00\x00\x00\x00\
\x00\x00\x00\x00\x00\x00\x00\x00\x00\x00\x00\x00\x00\x00\x00\x00\
\x00\x00\x00\x00\x00\x00\x00\x00\x00\x00\x00\x00\x00\x00\x00\x00\
\x00\x00\x00\x00\x00\x00\x00\x00\x00\x00\x00\x00\x00\x00\x00\x00\
\x00\x00\x00\x00\x00\x00\x00\x00\x00\x00\x00\x00\x00\x00\x00\x00\
\x00\x00\x00\x00\x00\x00\x00\x00\x00\x00\x00\x00\x00\x00\x00\x00\
\x00\x00\x00\x00\x00\x00\x00\x00\x00\x00\x00\x00\x00\x00\x00\x00\
\x00\x00\x00\x00\x00\x00\x00\x00\x00\x00\x00\x00\x00\x00\x00\x00\
\x00\x00\x00\x00\x00\x00\x00\x00\x00\x00\x00\x00\x00\x00\x00\x00\
\x00\x00\x00\x00\x00\x00\x00\x00\x00\x00\x00\x00\x00\x00\x00\x00\
\x00\x00\x00\x00\x00\x00\x00\x00\x00\x00\x00\x00\x00\x00\x00\x00\
\x00\x00\x00\x00\x00\x00\x00\x00\x00\x00\x00\x00\x00\x00\x00\x00\
\x00\x00\x00\x00\x00\x00\x00\x00\x00\x00\x00\x00\x00\x00\x00\x00\
\x00\x00\x00\x00\x00\x00\x00\x00\x00\x00\x00\x00\x00\x00\x00\x00\
\x00\x00\x00\x00\x00\x00\x00\x00\x00\x00\x00\x00\x00\x00\x00\x00\
\x00\x00\x00\x00\x00\x00\x00\x00\x00\x00\x00\x00\x00\x00\x00\x00\
\x00\x00\x00\x00\x00\x00\x00\x00\x00\x00\x00\x00\x00\x00\x00\x00\
\x00\x00\x00\x00\x00\x00\x00\x00\x00\x00\x00\x00\x00\x13\x12\x02\
\x02\x02\x02\x02\x02\x02\x02\x02\x02\x02\x02\x02\x02\x13\x93\x53\
\x6a\x14\x14\x02\x02\x02\x02\x02\x02\x02\x02\x02\x02\x02\x9f\x47\
\x8f\x82\x2b\x9d\x02\x02\x02\x02\x02\x02\x02\x02\x02\x02\x3f\x50\
\x72\x7f\x40\x71\x10\x02\x02\x02\x02\x02\x02\x02\x02\x02\x0d\x0b\
\x55\x00\x7f\x40\x0e\x18\x02\x02\x02\x02\x02\x02\x02\x02\x0d\x85\
\x09\x05\x00\x01\x40\x06\x0f\x02\x02\x02\x02\x02\x02\x02\x02\x15\
\x85\x09\x05\x00\x7f\x40\x88\x0f\x02\x02\x02\x02\x02\x02\x02\x02\
\x95\x85\x09\x05\x00\x01\x40\x06\x63\x02\x02\x02\x02\x02\x02\x02\
\x02\x60\x85\x5d\x05\x00\x7f\x40\x1a\x32\x02\x02\x02\x02\x02\x02\
\x02\x02\x42\x7a\x07\x05\x00\x01\x40\x33\x3d\x02\x02\x02\x02\x02\
\x02\x02\x02\x86\x85\x07\x05\x00\x7f\x40\x34\x39\x02\x02\x02\x02\
\x02\x02\x02\x02\x98\x85\x07\xa2\x00\x78\x51\x69\x2f\x02\x02\x02\
\x02\x02\x02\x02\x02\x44\x85\x28\x46\x66\x80\x68\x7c\x02\x02\x02\
\x02\x02\x02\x02\x02\x02\x8d\x29\x0b\x1d\x4f\x96\x54\x02\x02\x02\
\x02\x02\x02\x02\x02\x02\x02\x91\x1e\x6c\xa8\x75\x02\x02\x02\x02\
\x02\x02\x02\x02\x02\x02\x02\x02\x2a\x45\xa5\x02\x02\x3f\xff\x00\
\x00\x03\xff\x00\x00\x81\xff\x00\x00\x80\xff\x00\x00\x80\x7f\x00\
\x00\x80\x3f\x00\x00\xc0\x1f\x00\x00\xe0\x0f\x00\x00\xf0\x07\x00\
\x00\xf8\x03\x00\x00\xfc\x01\x00\x00\xfe\x00\x00\x00\xff\x00\x00\
\x00\xff\x80\x00\x00\xff\xc1\x00\x00\xff\xe3\x00\x00\x28\x00\x00\
\x00\x10\x00\x00\x00\x20\x00\x00\x00\x01\x00\x20\x00\x00\x00\x00\
\x00\x40\x04\x00\x00\x00\x00\x00\x00\x00\x00\x00\x00\x00\x00\x00\
\x00\x00\x00\x00\x00\x0a\x2b\x95\xff\x02\x1c\x80\xfb\x00\x24\x97\
\x3c\x1a\x66\xd8\x45\x17\x66\xd1\x21\x00\x00\x00\x00\x00\x00\x00\
\x00\x00\x00\x00\x00\x00\x00\x00\x00\x00\x00\x00\x00\x00\x00\x00\
\x00\x00\x00\x00\x00\x00\x00\x00\x00\x00\x00\x00\x00\x00\x00\x00\
\x00\x00\x00\x00\x00\x09\x2a\x92\x7b\x00\x00\x58\xff\x4e\x9f\xdf\
\xff\x4c\xbf\xf8\xff\x14\x67\xd4\xff\x0b\x30\xad\xb2\x00\x00\x00\
\x00\x00\x00\x00\x00\x00\x00\x00\x00\x00\x00\x00\x00\x00\x00\x00\
\x00\x00\x00\x00\x00\x00\x00\x00\x00\x00\x00\x00\x00\x00\x00\x00\
\x00\x00\x00\x00\x00\x00\x0a\x81\x33\x8a\xad\xdc\xff\xc3\xff\xff\
\xff\x95\xeb\xff\xff\x58\xd0\xfd\xff\x07\x73\xd9\xff\x0c\x33\xaf\
\xd4\x00\x00\x00\x00\x00\x00\x00\x00\x00\x00\x00\x00\x00\x00\x00\
\x00\x00\x00\x00\x00\x00\x00\x00\x00\x00\x00\x00\x00\x00\x00\x00\
\x00\x00\x00\x00\x00\x0e\x42\xb1\x46\x92\xba\xe5\xff\xff\xff\xff\
\xff\x79\xdf\xff\xff\x0e\xa4\xee\xff\x0b\x6d\xd5\xff\x0e\x7f\xe0\
\xff\x10\x46\xbb\xda\x00\x00\x00\x00\x00\x00\x00\x00\x00\x00\x00\
\x00\x00\x00\x00\x00\x00\x00\x00\x00\x00\x00\x00\x00\x00\x00\x00\
\x00\x00\x00\x00\x00\x00\x00\x00\x00\x1c\x4a\xbc\xb7\xdb\xff\xff\
\xff\x06\xdf\xfa\xff\x00\xc3\xfc\xff\x11\x9e\xea\xff\x12\x72\xd7\
\xff\x0d\x80\xe1\xff\x13\x4b\xc0\xd3\x00\x00\x00\x00\x00\x00\x00\
\x00\x00\x00\x00\x00\x00\x00\x00\x00\x00\x00\x00\x00\x00\x00\x00\
\x00\x00\x00\x00\x00\x00\x00\x00\x00\x00\x16\xa8\xb5\x35\xb9\xe4\
\xff\x0a\xff\xff\xff\x00\xd8\xf6\xff\x00\xc8\xfe\xff\x11\x9c\xea\
\xff\x12\x71\xd6\xff\x0d\x7f\xdf\xff\x15\x4d\xc2\xda\x00\x00\x00\
\x00\x00\x00\x00\x00\x00\x00\x00\x00\x00\x00\x00\x00\x00\x00\x00\
\x00\x00\x00\x00\x00\x00\x00\x00\x00\x00\x00\x00\x00\x0b\x2e\xb4\
\xda\x3a\xd2\xec\xff\x12\xff\xff\xff\x00\xd9\xf6\xff\x00\xc8\xfe\
\xff\x11\x9c\xea\xff\x12\x71\xd5\xff\x0d\x80\xde\xff\x15\x50\xc4\
\xd3\x00\x00\x00\x00\x00\x00\x00\x00\x00\x00\x00\x00\x00\x00\x00\
\x00\x00\x00\x00\x00\x00\x00\x00\x00\x00\x00\x00\x00\x00\x00\x00\
\x00\x10\x2d\xb6\xd3\x39\xd4\xed\xff\x12\xff\xff\xff\x00\xd8\xf6\
\xff\x00\xc8\xfe\xff\x11\x9c\xea\xff\x12\x71\xd5\xff\x0d\x7f\xdf\
\xff\x16\x51\xc9\xda\x00\x00\x00\x00\x00\x00\x00\x00\x00\x00\x00\
\x00\x00\x00\x00\x00\x00\x00\x00\x00\x00\x00\x00\x00\x00\x00\x00\
\x00\x00\x00\x00\x00\x12\x33\xb8\xda\x3a\xd1\xec\xff\x0c\xff\xfd\
\xff\x00\xd9\xf6\xff\x00\xc8\xfe\xff\x11\x9c\xea\xff\x12\x6f\xd5\
\xff\x0c\x80\xdf\xff\x1a\x5b\xcb\xd3\x00\x00\x00\x00\x00\x00\x00\
\x00\x00\x00\x00\x00\x00\x00\x00\x00\x00\x00\x00\x00\x00\x00\x00\
\x00\x00\x00\x00\x00\x00\x00\x00\x00\x16\x37\xbd\xd3\x59\xf0\xf6\
\xff\x07\xff\xfb\xff\x00\xd8\xf6\xff\x00\xc8\xfe\xff\x11\x9c\xea\
\xff\x13\x71\xd6\xff\x0b\x7f\xe3\xff\x00\x47\xca\xda\x00\x00\x00\
\x00\x00\x00\x00\x00\x00\x00\x00\x00\x00\x00\x00\x00\x00\x00\x00\
\x00\x00\x00\x00\x00\x00\x00\x00\x00\x00\x00\x00\x00\x29\x4c\xc4\
\xda\x67\xf6\xf8\xff\x03\xff\xfa\xff\x00\xd8\xf6\xff\x00\xc8\xfe\
\xff\x0e\xa9\xf7\xff\x00\x52\xbe\xff\x62\x75\x90\xff\x56\x84\xd3\
\xd3\x00\x00\x00\x00\x00\x00\x00\x00\x00\x00\x00\x00\x00\x00\x00\
\x00\x00\x00\x00\x00\x00\x00\x00\x00\x00\x00\x00\x00\x00\x00\x00\
\x00\x2d\x4f\xc8\xd3\x68\xf8\xf9\xff\x05\xff\xfa\xff\x00\xe6\xff\
\xff\x00\xa4\xe9\xff\x62\x79\x92\xff\xff\xff\xe9\xff\x79\x76\xb8\
\xff\x00\x32\xcb\xcb\x00\x00\x00\x00\x00\x00\x00\x00\x00\x00\x00\
\x00\x00\x00\x00\x00\x00\x00\x00\x00\x00\x00\x00\x00\x00\x00\x00\
\x00\x00\x00\x00\x00\x2e\x53\xca\xda\x66\xff\xff\xff\x00\xe9\xe1\
\xff\x63\x9a\xa3\xff\xff\xff\xfc\xff\x6b\x6f\xaa\xff\x00\x00\xdd\
\xff\x0d\x27\xef\xff\x00\x00\x00\x00\x00\x00\x00\x00\x00\x00\x00\
\x00\x00\x00\x00\x00\x00\x00\x00\x00\x00\x00\x00\x00\x00\x00\x00\
\x00\x00\x00\x00\x00\x00\x00\x00\x00\x1e\x59\xcf\xd3\x80\xb6\xbc\
\xff\xff\xff\xfc\xff\x6d\x7c\xad\xff\x00\x00\xda\xff\x00\x07\xff\
\xff\x0d\x26\xe8\xff\x00\x00\x00\x00\x00\x00\x00\x00\x00\x00\x00\
\x00\x00\x00\x00\x00\x00\x00\x00\x00\x00\x00\x00\x00\x00\x00\x00\
\x00\x00\x00\x00\x00\x00\x00\x00\x00\x00\x00\x00\x00\x44\x74\xe3\
\xda\x84\xa6\xbc\xff\x0c\x6c\xe2\xff\x14\x58\xff\xff\x0b\x21\xed\
\xff\x11\x30\xe0\x26\x00\x00\x00\x00\x00\x00\x00\x00\x00\x00\x00\
\x00\x00\x00\x00\x00\x00\x00\x00\x00\x00\x00\x00\x00\x00\x00\x00\
\x00\x00\x00\x00\x00\x00\x00\x00\x00\x00\x00\x00\x00\x00\x00\x00\
\x00\x09\x53\xd0\xc4\x3f\xad\xf7\xf9\x29\x82\xed\xee\x10\x3a\xea\
\x1f\x00\x00\x00\x00\x07\xff\x00\x00\x03\xff\x00\x00\x01\xff\x00\
\x00\x00\xff\x00\x00\x80\x7f\x00\x00\x80\x3f\x00\x00\xc0\x1f\x00\
\x00\xe0\x0f\x00\x00\xf0\x07\x00\x00\xf8\x03\x00\x00\xfc\x01\x00\
\x00\xfe\x00\x00\x00\xff\x00\x00\x00\xff\x80\x00\x00\xff\xc0\x00\
\x00\xff\xe1\x00\x00\
\x00\x00\x09\xf6\
\x00\
\x00\x01\x00\x02\x00\x10\x10\x00\x00\x01\x00\x08\x00\x68\x05\x00\
\x00\x26\x00\x00\x00\x10\x10\x00\x00\x01\x00\x20\x00\x68\x04\x00\
\x00\x8e\x05\x00\x00\x28\x00\x00\x00\x10\x00\x00\x00\x20\x00\x00\
\x00\x01\x00\x08\x00\x00\x00\x00\x00\x40\x01\x00\x00\x00\x00\x00\
\x00\x00\x00\x00\x00\x00\x01\x00\x00\x00\x00\x00\x00\x42\xb4\xff\
\x00\x3b\xac\xff\x00\x3e\x8a\xc1\x00\x3e\xb5\xf8\x00\x23\xcf\xff\
\x00\x00\x55\xa1\x00\x3f\xae\xff\x00\xfa\xff\xff\x00\x52\xb1\xfe\
\x00\xf6\xf8\xf8\x00\x49\xb9\xff\x00\xbe\x93\x57\x00\x9c\x7c\x47\
\x00\xb6\x8d\x53\x00\x3d\xb2\xff\x00\xf1\xed\xe9\x00\x4d\xc3\xff\
\x00\xab\x8d\x5e\x00\xbc\xa3\x7b\x00\x4e\xc1\xff\x00\x69\x64\x4c\
\x00\x46\xb7\xff\x00\x51\xb0\xfe\x00\x1c\xbb\xff\x00\x3d\xad\xff\
\x00\x18\xb7\xff\x00\x32\xa1\xff\x00\x43\xbe\xff\x00\x45\xb8\xff\
\x00\x47\xba\xff\x00\xae\x93\x6a\x00\x7e\xd7\xff\x00\x00\x43\x63\
\x00\x5a\xb7\xfe\x00\x58\xb4\xfe\x00\x5a\xb5\xfe\x00\xfa\xf7\xf1\
\x00\x6b\x6c\x57\x00\x48\xb2\xff\x00\x6c\x75\x82\x00\xf8\xf4\xf0\
\x00\x53\xd8\xff\x00\x00\x6c\xd6\x00\xe0\xe1\xe1\x00\x48\xb7\xff\
\x00\xe8\xe2\xd7\x00\x00\xa3\xff\x00\xeb\xe4\xde\x00\x2d\x9d\xff\
\x00\x87\x9c\x95\x00\x53\xb0\xfe\x00\xe6\xe3\xe3\x00\xea\xe1\xd9\
\x00\x99\x99\x99\x00\xf6\xf0\xeb\x00\x40\xaf\xff\x00\x9e\x9f\x9f\
\x00\xc2\xbc\xb6\x00\xf7\xfa\xf7\x00\x4a\xbc\xff\x00\x30\x9a\xff\
\x00\x59\xda\xff\x00\x35\xe7\xff\x00\x72\x75\x7c\x00\x35\xaa\xff\
\x00\x7b\x7e\x72\x00\xff\xf4\xdf\x00\x61\x5c\x4f\x00\xb2\x92\x65\
\x00\x8a\x60\x26\x00\x45\xc3\xff\x00\xd7\x90\x3b\x00\x7b\xd7\xff\
\x00\x31\x93\xbe\x00\x90\x71\x60\x00\x84\x5e\x52\x00\xff\xff\xfa\
\x00\xf2\xdc\xc9\x00\xfc\xff\xfb\x00\x6e\x41\x1a\x00\xc2\xab\x8a\
\x00\x11\x5a\x85\x00\x00\x55\xa2\x00\x00\x56\x9f\x00\x63\x70\x61\
\x00\x84\x97\x81\x00\xaa\x97\x80\x00\xef\xf1\xed\x00\xfa\xf7\xf7\
\x00\xfc\xf3\xf1\x00\x42\xb6\xff\x00\xab\x8e\x63\x00\x27\x99\xfb\
\x00\xf3\xf3\xec\x00\x79\x72\x57\x00\xf3\xf1\xe8\x00\x3a\xc5\xff\
\x00\xa1\x9e\x9e\x00\xf4\xf1\xeb\x00\x4c\xb9\xff\x00\x26\x96\xfa\
\x00\xac\x8d\x5e\x00\x1e\xbb\xff\x00\x3e\xaf\xff\x00\xb5\x8c\x51\
\x00\xf0\xeb\xe4\x00\x5b\xe7\xff\x00\xff\xff\xf7\x00\xf0\xec\xe5\
\x00\xcf\xcc\xc2\x00\x69\x60\x4f\x00\x1f\xbc\xff\x00\x40\xb5\xff\
\x00\x48\xb8\xff\x00\x94\x6f\x5d\x00\xfa\xf9\xf8\x00\xe0\xce\xc5\
\x00\x59\xc5\xff\x00\x22\xbf\xff\x00\x3a\xa9\xff\x00\x07\xa7\xff\
\x00\x40\xbf\xff\x00\x1a\x99\xff\x00\x7e\x79\x69\x00\x1e\xcc\xff\
\x00\x42\x4d\x47\x00\x49\xaf\xff\x00\x56\xd6\xff\x00\xfb\xfd\xff\
\x00\x5d\xb7\xfe\x00\xfc\xf8\xf5\x00\xf8\xf0\xec\x00\x12\xb2\xff\
\x00\x60\xcb\xff\x00\x59\xe8\xff\x00\xc8\xb8\x96\x00\x7c\xbf\xfe\
\x00\xff\xec\xd3\x00\xff\xf7\xe1\x00\x57\xb2\xfe\x00\x5f\xb9\xfe\
\x00\xa1\x83\x50\x00\xc0\x85\x3e\x00\xff\xfa\xe6\x00\xf3\xf5\xf4\
\x00\xfc\xfc\xfe\x00\xf2\xee\xe9\x00\xad\x93\x64\x00\x25\x97\xfa\
\x00\x3f\xb2\xff\x00\x9d\x7d\x45\x00\x9e\x7f\x4a\x00\xff\xff\xf6\
\x00\x44\xb5\xff\x00\x3b\xaa\xff\x00\x54\xc4\xff\x00\x3c\xa0\xed\
\x00\xfa\xfe\xff\x00\x76\x75\x61\x00\x3b\x88\xc5\x00\x54\x45\x46\
\x00\xf8\xfd\xfc\x00\x2d\x83\xb1\x00\x46\xb6\xff\x00\xfc\xfc\xf8\
\x00\xfc\xf7\xf2\x00\xf1\xf5\xee\x00\xf6\xf2\xee\x00\xff\xff\xee\
\x00\xf6\xcf\xac\x00\x39\xaa\xff\x00\x52\xaa\xfe\x00\xed\xeb\xe0\
\x00\xb0\x94\x68\x00\x87\x70\x66\x00\xb6\x98\x6e\x00\x42\xbc\xff\
\x00\x6e\x68\x4d\x00\xff\xff\xf8\x00\xfd\xfc\xfa\x00\xe7\xe4\xda\
\x00\x40\xb2\xff\x00\xdc\xdc\xdc\x00\x3f\x88\xc2\x00\x38\xa9\xff\
\x00\x38\xaa\xff\x00\x28\x9d\xff\x00\x8f\x7f\x64\x00\xd6\xca\xb4\
\x00\x47\xb8\xff\x00\x97\x6e\x36\x00\x2a\x99\xff\x00\xff\xff\xff\
\x00\xff\xff\xff\x00\x00\x00\x00\x00\x00\x00\x00\x00\x00\x00\x00\
\x00\x00\x00\x00\x00\x00\x00\x00\x00\x00\x00\x00\x00\x00\x00\x00\
\x00\x00\x00\x00\x00\x00\x00\x00\x00\x00\x00\x00\x00\x00\x00\x00\
\x00\x00\x00\x00\x00\x00\x00\x00\x00\x00\x00\x00\x00\x00\x00\x00\
\x00\x00\x00\x00\x00\x00\x00\x00\x00\x00\x00\x00\x00\x00\x00\x00\
\x00\x00\x00\x00\x00\x00\x00\x00\x00\x00\x00\x00\x00\x00\x00\x00\
\x00\x00\x00\x00\x00\x00\x00\x00\x00\x00\x00\x00\x00\x00\x00\x00\
\x00\x00\x00\x00\x00\x00\x00\x00\x00\x00\x00\x00\x00\x00\x00\x00\
\x00\x00\x00\x00\x00\x00\x00\x00\x00\x00\x00\x00\x00\x00\x00\x00\
\x00\x00\x00\x00\x00\x00\x00\x00\x00\x00\x00\x00\x00\x00\x00\x00\
\x00\x00\x00\x00\x00\x00\x00\x00\x00\x00\x00\x00\x00\x00\x00\x00\
\x00\x00\x00\x00\x00\x00\x00\x00\x00\x00\x00\x00\x00\x00\x00\x00\
\x00\x00\x00\x00\x00\x00\x00\x00\x00\x00\x00\x00\x00\x00\x00\x00\
\x00\x00\x00\x00\x00\x00\x00\x00\x00\x00\x00\x00\x00\x00\x00\x00\
\x00\x00\x00\x00\x00\x00\x00\x00\x00\x00\x00\x00\x00\x00\x00\x00\
\x00\x00\x00\x00\x00\x00\x00\x00\x00\x00\x00\x00\x00\xc2\xa2\xb7\
\x02\x02\x9f\x9c\x4f\x0b\x5b\x11\x65\x44\xad\x12\x45\x7e\x10\x79\
\x1b\xb0\x46\x04\xb1\xc0\xc0\xc0\xc0\xc0\xc0\xc0\x1e\xab\x3c\xba\
\x30\xbf\x1a\x2e\x43\x42\x57\x69\x6c\xac\xb4\xc0\x68\x16\xaa\x40\
\xb9\x77\x06\x84\x6e\x8f\x90\x5f\x62\xa7\x83\xc0\x0d\x08\x0e\xb8\
\x01\x9a\xb5\x19\x14\x8a\xa6\x92\x36\x82\x59\xc0\x0c\x32\x5a\x01\
\x67\x18\xa3\x17\x25\xa8\x3a\xa5\xa4\x4e\x0f\x73\x97\x8b\x1d\x95\
\x99\x37\xbd\x6f\x9e\xb2\x80\xa1\x91\x28\x34\x2d\x8d\x22\x13\x00\
\x0a\x15\x3b\x76\x7b\x98\x9d\xb3\x24\xbc\x87\xaf\xbe\x21\x9b\x1c\
\x2c\x26\x63\x66\x41\x6b\x07\x5d\x2f\x50\xc0\xc0\x93\x81\x75\x71\
\x29\x6a\x86\x3e\x56\xc0\xc0\x89\xa9\x8e\xc0\x96\xc2\x8c\x85\x7f\
\x49\x20\x51\x53\x7d\xbb\x5e\x31\x55\x54\x47\xc2\xc2\x23\x3d\x60\
\x4b\x72\xae\x4a\x3f\x27\xa0\x2a\x7c\x78\x7a\xc2\xc2\x88\x1f\x03\
\x74\xc0\x09\xc0\x58\xc0\x4d\x05\x00\x64\x5c\xc2\xc2\xc2\x48\x03\
\x39\x4c\xc0\x61\xc0\xc0\x6d\x52\x70\x94\xc2\xc2\xc2\xc2\xc2\xc2\
\xc2\xc0\x2b\x38\x33\xc0\xc2\xc2\xc2\xc2\xc2\xc2\xc2\xc2\xc2\xc2\
\xc2\xc2\xc0\x35\xb6\xc2\xc2\xc2\xc2\xc2\xc2\xc2\xc2\x80\x00\x00\
\x00\x00\x00\x00\x00\x00\x00\x00\x00\x00\x00\x00\x00\x00\x00\x00\
\x00\x00\x00\x00\x00\x00\x00\x00\x00\x00\x00\x00\x00\x00\x00\x00\
\x00\x00\x01\x00\x00\x00\x03\x00\x00\x00\x03\x00\x00\x00\x03\x00\
\x00\x80\x07\x00\x00\xf0\x7f\x00\x00\xf8\xff\x00\x00\x28\x00\x00\
\x00\x10\x00\x00\x00\x20\x00\x00\x00\x01\x00\x20\x00\x00\x00\x00\
\x00\x40\x04\x00\x00\x00\x00\x00\x00\x00\x00\x00\x00\x00\x00\x00\
\x00\x00\x00\x00\x00\x00\x00\x00\x00\x32\x8b\xbe\xff\x34\x86\xc4\
\xf3\x34\x88\xc4\xf3\x34\x88\xc4\xf3\x32\x88\xc8\xf3\x35\x96\xdc\
\xf3\x6a\x4b\x2b\xf3\xb8\x91\x5a\xf3\xaf\x93\x69\xf3\xaf\x92\x66\
\xf3\xb0\x92\x66\xf3\xb4\x97\x6c\xf3\xb4\x99\x6f\xf3\xba\xa1\x78\
\xf4\x85\x58\x1b\xe3\x49\xaf\xff\xff\x49\xbb\xff\xff\x3f\xb8\xff\
\xff\x41\xb8\xff\xff\x40\xb6\xff\xff\x41\xbc\xff\xff\x2b\xc1\xff\
\xff\x73\x77\x65\xff\xff\xff\xff\xff\xff\xff\xff\xff\xff\xff\xff\
\xff\xff\xff\xff\xff\xff\xff\xff\xff\xff\xff\xff\xff\xff\xff\xff\
\xff\xbe\xa6\x86\xf6\x46\xa5\xfe\xf2\x34\x9f\xff\xff\x2c\xa0\xff\
\xff\x2f\xa0\xff\xff\x2d\x9d\xff\xff\x31\xa4\xff\xff\x0c\xa2\xff\
\xff\x69\x6f\x69\xff\xff\xeb\xd9\xff\xf2\xf2\xed\xff\xf1\xee\xe7\
\xff\xf1\xee\xe7\xff\xef\xed\xe3\xff\xec\xe9\xe1\xff\xff\xff\xff\
\xff\xb6\x9b\x73\xf1\x46\xab\xfe\xf3\x3a\xaa\xff\xff\x35\xa9\xff\
\xff\x37\xa9\xff\xff\x39\xa9\xff\xff\x3b\xad\xff\xff\x1c\xac\xff\
\xff\x6f\x72\x69\xff\xff\xee\xdc\xff\xf4\xf4\xf1\xff\xf3\xf1\xe9\
\xff\xf4\xf1\xeb\xff\xf6\xf2\xed\xff\xf8\xf1\xed\xff\xff\xff\xff\
\xff\xb6\x9f\x78\xf1\x47\xad\xfe\xf3\x3e\xb1\xff\xff\x39\xaa\xff\
\xff\x3b\xac\xff\xff\x3b\xab\xff\xff\x3d\xb1\xff\xff\x22\xb1\xff\
\xff\x6f\x76\x67\xff\xff\xed\xd9\xff\xf3\xf4\xed\xff\xf3\xef\xea\
\xff\xf6\xf1\xec\xff\xfb\xf7\xf4\xff\xfb\xf4\xf1\xff\xff\xff\xff\
\xff\xb5\x9a\x70\xf1\x49\xad\xfe\xf3\x43\xb5\xff\xff\x3c\xad\xff\
\xff\x3e\xaf\xff\xff\x3e\xae\xff\xff\x43\xb5\xff\xff\x26\xb5\xff\
\xff\x72\x7d\x70\xff\xff\xf5\xe4\xff\xf8\xf9\xf5\xff\xfb\xf7\xf3\
\xff\xfb\xfb\xf7\xff\xfb\xfc\xf8\xff\xf2\xee\xe9\xff\xf2\xef\xe9\
\xff\xad\x90\x64\xf1\x4e\xaf\xfe\xf3\x48\xb9\xff\xff\x40\xb3\xff\
\xff\x43\xb4\xff\xff\x41\xb0\xff\xff\x44\xb7\xff\xff\x29\xb7\xff\
\xff\x7b\x85\x79\xff\xff\xf8\xee\xff\xfb\xfc\xff\xff\xf9\xfc\xfb\
\xff\xfb\xfb\xfb\xff\xf5\xf1\xec\xff\xe9\xe0\xd6\xff\xe1\xd8\xc9\
\xff\xa2\x84\x51\xf5\x4f\xb1\xfe\xf3\x4e\xbf\xff\xff\x43\xb5\xff\
\xff\x48\xb8\xff\xff\x46\xb7\xff\xff\x47\xbb\xff\xff\x2c\xba\xff\
\xff\x81\x89\x80\xff\xff\xf8\xed\xff\xfb\xfd\xff\xff\xfc\xfb\xf9\
\xff\xf7\xf4\xed\xff\xd9\xce\xba\xff\xce\xbf\xa1\xff\xbc\xa2\x7c\
\xff\x96\x6e\x35\xed\x51\xb4\xfe\xf3\x53\xc2\xff\xff\x46\xb9\xff\
\xff\x49\xb9\xff\xff\x49\xb6\xff\xff\x4a\xbb\xff\xff\x2b\xba\xff\
\xff\x81\x8e\x88\xff\xff\xf8\xef\xff\xfb\xfe\xff\xff\xf4\xf2\xeb\
\xff\xea\xe1\xd8\xff\xca\xb5\x97\xff\xfb\xfb\xf9\xff\xf3\xee\xea\
\xff\xb0\x96\x6a\xff\x54\xb5\xfe\xf3\x58\xc4\xff\xff\x4a\xbb\xff\
\xff\x50\xcf\xff\xff\x54\xd8\xff\xff\x51\xd9\xff\xff\x3a\xd5\xff\
\xff\x9f\x9d\x8e\xff\xff\xff\xfc\xff\xff\xff\xff\xff\xfd\xe6\xd0\
\xff\xea\xca\xaa\xff\xc1\x93\x59\xff\xf4\xef\xeb\xff\xaa\x8d\x5d\
\xff\x00\x00\x00\x00\x55\xb6\xfe\xf2\x5e\xca\xff\xff\x54\xce\xff\
\xff\x39\x96\xbe\xff\x14\x58\x76\xff\x1e\x66\x8d\xff\x02\x63\x9d\
\xff\x4e\x5c\x5a\xff\x90\x85\x70\xff\x82\x7e\x6a\xff\x86\x9d\x9a\
\xff\x83\x9b\x8d\xff\x6c\x7d\x70\xff\xc3\x95\x58\xff\x00\x00\x00\
\x00\x00\x00\x00\x00\x5d\xb8\xfe\xff\x5a\xd4\xff\xff\x44\xc1\xfb\
\xff\x81\x71\x6e\xff\x91\x79\x6d\xff\x88\x7a\x74\xff\x8d\x7b\x72\
\xff\x7a\x7e\x83\xff\x78\x7e\x87\xff\x5d\x59\x5d\xff\x00\x74\xcb\
\xff\x25\xbe\xff\xff\x16\xa4\xff\xff\x00\x85\xff\x44\x00\x00\x00\
\x00\x00\x00\x00\x00\x58\xb1\xfe\xcd\x77\xd3\xff\xff\x4d\xb8\xf4\
\xff\xcf\xc9\xc6\xff\xff\xff\xfc\xff\xef\xef\xee\xff\xff\xfe\xfd\
\xff\xf1\xef\xef\xff\xff\xff\xfe\xff\xd7\xcd\xc4\xff\x11\x66\xac\
\xff\x3a\xac\xff\xff\x27\x99\xfb\xff\x0b\x87\xf1\x30\x00\x00\x00\
\x00\x00\x00\x00\x00\x00\x00\x00\x00\x48\xab\xff\x51\x40\xa5\xf6\
\x3e\xbf\xc2\xc1\xff\xff\xfc\xf6\xff\xff\xff\xff\xff\xb3\xb1\xb1\
\xff\xfc\xfe\xfe\xff\xff\xff\xff\xff\xc5\xc8\xc5\xff\x00\x64\xbf\
\x3e\x18\x90\xfe\x4d\x0c\x89\xf5\x28\x00\x00\x00\x00\x00\x00\x00\
\x00\x00\x00\x00\x00\x00\x00\x00\x00\x00\x00\x00\x00\x00\x00\x00\
\x00\x00\x00\x00\x00\xeb\xe4\xdf\x29\xe1\xe2\xe2\xff\xab\xab\xab\
\xff\xe4\xe2\xe2\xff\x00\x00\x00\x00\x00\x00\x00\x00\x00\x00\x00\
\x00\x00\x00\x00\x00\x00\x00\x00\x00\x00\x00\x00\x00\x00\x00\x00\
\x00\x00\x00\x00\x00\x00\x00\x00\x00\x00\x00\x00\x00\x00\x00\x00\
\x00\x00\x00\x00\x00\x00\x00\x00\x00\xc9\xc9\xc9\x1e\xa6\xa6\xa6\
\xff\xb7\xb7\xb7\x80\x00\x00\x00\x00\x00\x00\x00\x00\x00\x00\x00\
\x00\x00\x00\x00\x00\x00\x00\x00\x00\x00\x00\x00\x00\x00\x00\x00\
\x00\x00\x00\x00\x00\x80\x00\x00\x00\x00\x00\x00\x00\x00\x00\x00\
\x00\x00\x00\x00\x00\x00\x00\x00\x00\x00\x00\x00\x00\x00\x00\x00\
\x00\x00\x00\x00\x00\x00\x00\x00\x00\x00\x01\x00\x00\x00\x03\x00\
\x00\x00\x03\x00\x00\x00\x03\x00\x00\x80\x07\x00\x00\xf0\xff\x00\
\x00\xf8\xff\x00\x00\
\x00\x00\x02\xbf\
\x89\
\x50\x4e\x47\x0d\x0a\x1a\x0a\x00\x00\x00\x0d\x49\x48\x44\x52\x00\
\x00\x00\x40\x00\x00\x00\x40\x08\x06\x00\x00\x00\xaa\x69\x71\xde\
\x00\x00\x00\x06\x62\x4b\x47\x44\x00\xff\x00\xff\x00\xff\xa0\xbd\
\xa7\x93\x00\x00\x00\x09\x70\x48\x59\x73\x00\x00\x0b\x13\x00\x00\
\x0b\x13\x01\x00\x9a\x9c\x18\x00\x00\x00\x07\x74\x49\x4d\x45\x07\
\xe5\x05\x0c\x09\x19\x12\x6f\x03\xf3\x86\x00\x00\x02\x4c\x49\x44\
\x41\x54\x78\xda\xed\xdb\x6b\x92\x83\x20\x0c\x00\xe0\xc0\xec\xbd\
\xcc\xcd\x8c\x37\x8b\x27\xcb\xfe\xd8\x76\x6b\x79\x28\x4a\x50\x44\
\xe8\x30\xd3\xe9\xee\x00\x7e\x42\x0c\xda\x02\xf4\xf2\xec\x62\x16\
\xef\xe5\x86\x63\x2e\x01\x20\x77\x38\x7e\x35\x04\x0b\x9e\x80\xa9\
\x1c\x40\x54\xcf\x92\x0d\x36\xff\x20\x84\xaf\x25\x20\xde\x1f\xfc\
\x3e\x98\xe7\xcb\x0e\x1b\x71\x28\xba\x1c\x44\x9c\xfa\x27\xe0\x7d\
\x2c\xcc\x5c\x34\x50\x10\x91\x00\xc1\xa7\x02\x88\x08\xbc\xfa\x75\
\xc7\x93\x37\x13\xec\xe6\x44\x0b\x00\x23\x0e\x50\x1a\x21\x54\x86\
\x01\x03\x33\x30\x6f\x39\xd8\xa4\xd5\xd6\x30\x82\x4d\x0e\x39\x15\
\x21\x30\xb3\x1a\x42\x14\x60\x66\xae\x1a\x01\x11\x8d\x06\xc2\xea\
\x0c\x78\x02\x82\xdd\xea\xa0\x75\x04\x9b\xd2\x41\xcb\x08\x36\xb5\
\x83\x56\x11\xec\x9e\x0e\x5a\x44\x88\xa6\xc2\x33\x33\x20\xa2\x09\
\x5c\x82\x64\x40\x0c\x34\x72\xff\xb4\xf9\x2b\xc7\x5c\x3b\x83\xcc\
\x9c\x9c\x36\xd7\x55\xfd\xb3\x64\x8f\x4e\xb5\xd4\xe5\x50\xfb\x2e\
\xd2\xe6\xac\xb7\x16\x10\x6c\x6e\xd0\x89\x23\xd4\x5c\x3f\x43\xb5\
\x1a\x91\xd7\x45\xf8\x6f\xbe\xe6\xaa\x31\x03\x5a\x28\x1d\xe0\xe9\
\x00\x3f\xa7\xed\xe1\x67\xbe\xf4\x40\x71\xc0\x6b\x01\xde\x01\x33\
\xe5\xff\x88\x48\x08\x68\xf1\xc1\x77\x9a\x3a\x4d\x04\x44\x94\x7c\
\xbd\x5d\x4b\xea\x7a\x0c\xe8\x00\x1d\xa0\x03\x74\x80\x0e\xd0\x01\
\x3a\x40\x07\xe8\x7b\x81\x48\x4a\xaa\xd9\x99\x76\x7b\xe5\x01\x96\
\xf9\xf8\x5a\xae\x0d\x69\x1b\x9d\xd4\xf6\xfa\x12\xe8\x00\xeb\x65\
\x1c\xa9\xc8\x72\xf2\x6e\xa4\xbf\xb6\x91\x9b\xd5\x7d\x4e\x00\x00\
\xe2\xbe\x52\xdb\x8a\x55\x11\xbf\xa6\x22\x30\xb3\x37\x1e\x48\xb9\
\x29\x3a\x20\x02\x33\xfb\x47\xe3\xb5\x95\x28\x9c\xf1\x32\xa6\xcc\
\x4c\x58\x02\x84\xfa\x80\x01\x11\xe6\x0b\x1f\x71\x2d\xf1\x4a\x20\
\xb8\x33\xe0\x71\x08\xa1\xcb\xa0\x31\xce\x83\xd2\x0f\x02\x03\x07\
\x9e\x01\x20\x60\x52\x67\x13\x4d\xfb\x82\x1d\x8d\x11\x04\xe3\x0d\
\x70\x1c\x09\x00\x48\xf6\xdc\x2a\xdb\x1d\x14\xdf\x81\xd1\xd5\xde\
\x11\x04\x77\x27\x4e\x12\x8e\x7f\xbb\x02\xe3\x5a\x10\x54\x41\x28\
\x05\xa0\x85\x90\x03\x90\x84\x50\x12\x40\x03\x21\x17\x60\x13\xa1\
\x34\x40\x2e\x82\x06\xc0\x2a\xc2\x19\x00\x39\x08\x5a\x00\xab\x08\
\x67\x00\x1c\x45\xd0\x04\x88\x22\x9c\x05\x70\x04\xe1\x70\x2a\x1c\
\x29\xe6\xea\xef\x80\x10\x91\x89\xe5\x14\xb1\x64\x49\x7b\x37\xd8\
\x0c\x42\xce\x76\xb8\x09\x04\x8d\x63\xf0\xd2\x66\x03\x7e\x88\xa9\
\xee\xf1\xb8\xd1\x3d\x89\xfe\xef\x8d\x6e\xf1\xeb\x3b\x30\x5a\x77\
\x84\x4c\xed\x5f\x8e\x3b\xe3\x96\xd8\x2d\x11\xb4\xef\x09\xde\x0e\
\xa1\xd4\x78\xe5\xe1\xc7\x7f\x9f\xf2\x0b\x23\x5c\x98\x12\x28\x1e\
\xcf\xbe\x00\x00\x00\x00\x49\x45\x4e\x44\xae\x42\x60\x82\
\x00\x00\x32\x90\
\x89\
\x50\x4e\x47\x0d\x0a\x1a\x0a\x00\x00\x00\x0d\x49\x48\x44\x52\x00\
\x00\x00\xb4\x00\x00\x00\x30\x08\x06\x00\x00\x00\xb8\xec\x50\xfc\
\x00\x00\x17\x53\x7a\x54\x58\x74\x52\x61\x77\x20\x70\x72\x6f\x66\
\x69\x6c\x65\x20\x74\x79\x70\x65\x20\x65\x78\x69\x66\x00\x00\x78\
\xda\xad\x9a\x67\x92\x63\x3b\x72\x85\xff\x63\x15\x5a\x02\x5c\xc2\
\x2c\x07\x36\x42\x3b\xd0\xf2\xf5\x1d\x90\xd5\xcf\x8f\x66\x22\xd4\
\xd5\x5d\xac\x66\x91\xf7\x02\x69\x8e\x49\xd0\x9d\xff\xf9\xef\xeb\
\xfe\x8b\x3f\x96\x5b\x76\xd9\x6a\x2b\xbd\x14\xcf\x9f\xdc\x73\x8f\
\x83\x1f\x9a\xff\xfc\xe9\xef\x7b\xf0\xf9\x7d\x7f\x7f\x66\xfe\xfe\
\x2e\xfc\xf1\x79\x97\xbe\xcf\xfb\xc8\x53\xfa\xcf\xf7\x89\x3a\xbe\
\xaf\x1f\x3c\x6f\xbf\xbd\xe1\xe7\x1e\x61\xfe\xf1\x79\xd7\xbe\xbf\
\x89\xed\x7b\xa1\xef\x2f\x7e\x2e\x98\x74\xe7\xc8\x0f\xfb\xf7\x8b\
\xe4\xf9\xf8\x79\x3e\x7c\x57\xe8\xfa\xf9\xfc\x50\x7a\xab\x7f\xd8\
\x42\xfc\x3c\xae\x9f\xad\xb4\xdf\xfe\xad\xf3\x2e\xed\xc3\xf7\x66\
\xfa\xbf\xfb\xfd\x13\xb9\x12\xa5\x6d\xbc\x2a\xc5\x78\x12\x4f\xbf\
\xef\xf9\xb3\x82\xa4\x7f\x21\x0d\x1e\x8d\xef\x81\xd7\xb0\xde\xef\
\x33\xdd\xbd\x87\x9f\x2d\x11\x90\x3f\x6c\xef\xe7\xd1\xfb\xdf\x07\
\xe8\x0f\x41\xfe\xf9\xc9\xfd\x39\xfa\x39\xff\x7d\xf0\xe3\xf8\xbe\
\x22\xfd\x29\x96\xe5\x1b\x23\x7e\xf8\xdb\x5f\x04\xfb\xfb\xe0\xbf\
\x10\xff\xee\xc6\xe9\xd7\x8a\xe2\x9f\x7e\x61\x3f\x79\xf8\x6b\x90\
\xef\xdd\xed\xde\xf3\xd9\xdd\xc8\x85\x88\x96\x6f\x45\x79\xf7\x13\
\x1d\xbd\x87\x17\x4e\x36\x97\xde\xdb\x0a\x5f\x95\x7f\xc6\xcf\xf5\
\x7d\x75\xbe\x9a\x1f\x7e\x71\xab\xed\x97\x9f\x7c\xad\xd0\x43\x24\
\x2b\xd7\x85\x1c\x76\x18\xe1\x86\xf3\x1e\x57\x58\x2c\x31\xc7\x13\
\x2b\x8f\x31\x2e\x12\xa5\xe7\x5a\xaa\xb1\xc7\x95\x94\xa7\xac\xaf\
\x70\x63\x4d\x3d\xed\xd4\xc8\xe5\x8a\xc7\xa5\xc4\xd3\xf1\xd7\x5a\
\xc2\xbb\x6f\x7f\xf7\x5b\xa1\x71\xe7\x1d\x78\x69\x0c\x5c\x8c\x84\
\xff\xf3\x97\xfb\x57\xbf\xfc\x4f\xbe\xdc\xbd\x4b\x21\x0a\x0a\x26\
\xa9\x0f\x9f\x04\x47\x55\x2e\xcb\x50\xe6\xf4\x9d\x57\x91\x82\x70\
\xbf\x79\xb3\x17\xe0\x9f\xaf\x6f\xfa\xfd\xef\x0a\x8b\x52\x25\x83\
\xf6\xc2\xdc\xd8\xe0\xf0\xf3\x73\x89\x69\xe1\xb7\xda\x4a\x2f\xcf\
\x89\xd7\x19\x8f\x9f\x1c\x07\x57\xf7\xf7\x02\x2c\x88\x7b\x1b\x8b\
\xa1\xec\x73\xf0\x25\x50\x09\x25\xf8\x1a\x63\x0d\x81\x38\x36\x12\
\x34\x58\x79\x4c\x39\x4e\x32\x10\xcc\xe2\x66\x91\x31\xa7\x54\xa2\
\xab\xb1\x45\xdd\x9b\xf7\xd4\xf0\x5e\x1b\x2d\x96\xa8\xa7\xc1\x26\
\x12\x61\xa9\xa4\x4a\x6e\x7a\x1a\x24\x2b\x67\xa3\x7e\x2a\x48\xd6\
\xf3\xb0\x64\xd9\xcc\x8a\x55\x6b\xce\xba\x8d\x92\x4a\x2e\x56\x4a\
\xa9\x45\x20\x37\x6a\xaa\xb9\x5a\x2d\xb5\xd6\x56\x7b\x1d\x2d\xb5\
\xdc\xac\x95\x56\x5b\x6b\xbd\x8d\x1e\x7b\x02\x03\xad\x97\x5e\x7b\
\xeb\xbd\x8f\x11\xdd\xe0\x46\x83\x6b\x0d\x5e\x3f\x78\x66\xc6\x99\
\x66\x9e\x36\xcb\xac\xb3\xcd\x3e\xc7\xa2\x7c\x56\x5e\xb6\xca\xaa\
\xab\xad\xbe\xc6\x8e\x3b\x6d\x60\x62\x97\x5d\x77\xdb\x7d\x8f\x13\
\xdc\x01\x29\x4e\x3e\x76\xca\xa9\xa7\x9d\x7e\xc6\xa5\xd6\x6e\xba\
\xf9\xda\x2d\xb7\xde\x76\xfb\x1d\xbf\xb2\xf6\xcd\xea\x5f\xbe\xfe\
\x83\xac\x85\x6f\xd6\xe2\xcb\x94\x5e\x57\x7f\x65\x8d\x67\x5d\xad\
\x3f\x97\x08\x82\x13\x53\xce\xc8\x58\xcc\x81\x8c\x57\x65\x40\x08\
\xa6\x9c\xf9\x16\x72\x8e\xca\x9c\x72\xe6\x7b\xa4\x29\x2c\xb2\x48\
\x53\x6e\xdc\x0e\xca\x18\x29\xcc\x27\x44\xbb\xe1\x57\xee\x7e\xcb\
\xdc\xbf\x95\x37\x67\xed\xdf\xca\x5b\xfc\xbf\x32\xe7\x94\xba\xff\
\x8f\xcc\x39\x52\xf7\xd7\xbc\xfd\x4d\xd6\xb6\x78\x6e\xbd\x8c\x7d\
\xba\x50\x31\xf5\x89\xee\xbb\xd5\x46\x6c\x8e\x7f\xde\xf3\x4d\x8f\
\x69\xa5\x74\xa2\xbf\xab\x24\x05\xab\x59\x5d\x35\x8d\x5e\xda\x64\
\xeb\x73\x94\xb9\x59\x65\xed\x36\xc3\x28\xad\xaf\xd9\xf7\x0e\x31\
\xf5\xd5\xfd\xf1\xae\x5a\x49\x7b\xcc\xce\x4d\x09\x40\xbe\xa1\xd6\
\xbb\x2e\x6f\xbe\x97\xbb\xd5\x13\xb3\x1e\x4f\xea\x04\xf3\x86\x0e\
\xd2\xe6\xb1\xce\xec\x7a\xb6\xac\x74\x2f\xd1\xaf\xb6\xa8\x6c\xb2\
\x38\xbd\x59\xe8\xb1\x74\x10\x2f\xdf\x39\xcd\x9f\x93\x2d\xd6\xd1\
\x43\x1f\xc4\x9c\xae\xa5\x9a\xda\xf5\x04\x7a\x83\xa8\xb5\xec\x0b\
\xce\xdc\x13\x0a\xd7\x1b\xa7\xa5\x3c\xdd\x36\xe2\x67\x63\x86\x3c\
\xf7\x4e\xe3\x18\x28\xbb\xb5\xda\x49\xd7\xe7\xd4\x28\xa8\x33\xcf\
\xf1\x3b\x8f\xd2\xcf\xb2\xdd\x47\x3c\x10\x04\x7f\x17\xb5\x76\x32\
\x51\xc8\x04\xc4\x9d\x7d\x6e\xa3\xc7\x47\xab\x79\xb0\x65\x3f\x53\
\x3f\x00\xfd\x29\xf9\xb2\xad\xde\x83\xd8\xc2\x87\xea\xc7\xf2\xad\
\x80\xbb\x7d\x5d\x92\x7b\x6d\x76\x5b\xb9\x86\x34\x7b\xa1\x05\xa0\
\xa3\x1a\xcb\x3c\x31\xee\x0a\x18\xcc\xb6\x2b\x2f\x99\x83\x85\x9e\
\x79\xc9\xec\x9a\xe7\x56\x9f\x86\x07\x85\x42\x4a\xbb\x2a\x23\x50\
\x05\xd5\xc0\xcd\x6f\xeb\x35\x9f\x19\x77\x76\x6c\x2c\x9f\x44\x55\
\xa5\x44\xb5\xbc\x10\xd6\xd6\xb7\xad\x50\xd2\x44\x41\x45\x5b\xed\
\xc0\x61\x95\xc2\x20\x23\x23\xc4\x79\x8c\xc4\x84\x74\xc2\xad\xdb\
\xd2\xaa\x71\x8e\x51\x5d\x9f\xa1\x35\x55\x5f\x3c\x97\xae\x3a\x79\
\xf5\xb9\xc3\xf6\x25\x9d\x96\x4f\x25\x96\x77\x94\x48\x25\xc5\x4d\
\x69\xcd\xd0\x0f\x7f\x06\x3d\x9c\xd5\x5b\xb5\x87\x75\xb3\xf9\x44\
\xb0\x61\x9d\x40\x7c\x2f\x25\x76\x68\xb8\x29\x82\xbb\xa1\xd8\x3a\
\xea\x2d\x9b\x46\x4e\x6a\x99\xb4\x56\x3d\x1b\x56\x9b\x29\x54\xd2\
\xff\xb8\xab\xf1\x5e\x8a\x6e\x97\xd1\xdd\x6d\x69\xb2\xb5\xda\xc8\
\xb3\x36\x16\xca\xa1\x92\x8d\x66\x00\xaf\x90\x39\x7e\x2f\x6a\xa8\
\xd2\x2e\x6c\xb8\xe4\x05\x3e\x40\x9d\xbd\xc6\xd4\x16\xf9\x60\xed\
\x61\x5c\x7f\xa7\x6b\xe4\x68\x8e\xbe\x4f\x99\xc4\x20\xf7\x51\x20\
\xd0\xd2\x63\x2e\x71\xad\x45\xb0\xfb\xc9\xbb\x0e\x5a\xcc\xdb\x06\
\x12\x28\x45\x60\x86\xee\x9c\x94\x48\x4a\x4b\x77\x0b\xf3\x6c\x62\
\xe4\x6b\x98\x1b\x36\x9d\xf4\x46\xbb\x67\x66\x08\xb8\x1a\x65\x1c\
\xd9\xab\x2f\xda\x2b\xff\xb1\x79\x40\x81\xe4\x77\x1c\xa7\xf8\x4c\
\x61\x72\x63\xca\x78\x77\xbb\x7d\xb5\xe8\xd8\x04\x0d\x10\xd8\x7d\
\x0f\x24\x08\x40\x24\xcf\xb5\xcd\xd7\x18\x95\x48\xaa\x78\x01\xca\
\x10\xeb\xbd\x61\xd1\xe2\x34\xc4\x8e\x2f\xfb\x9d\x0a\x19\x5c\x88\
\x12\x09\xee\xee\x4c\xdf\xc5\x33\x48\xc5\x6b\xc2\xad\x9b\x64\xca\
\xb2\x00\xac\xe4\x96\x72\x18\xbb\xd4\x79\x5b\xa5\x65\xdb\x48\xda\
\xf7\x0e\x80\x2f\x10\xe7\x4d\x1c\x42\xb1\x08\xb3\xab\xc5\x7c\xe8\
\x7d\xda\x4c\xb7\xff\xb6\xae\xd6\x41\xf3\x9e\xb6\xff\xd4\xbc\xb9\
\xfe\xb6\xe8\x9f\x25\xb3\x60\x17\xdf\x5b\x58\x33\x32\xe5\x4c\x03\
\x09\x58\xd0\xde\x77\x51\x3d\xc0\x9b\x51\x37\x25\xfb\xc9\x52\x32\
\xbb\x07\x71\xaf\x62\xb1\x57\x1b\x5e\x08\x3a\x7e\x82\xe1\xfe\x39\
\x1a\x35\xdb\x9d\x19\x58\x02\x63\x4a\x36\xa2\xbe\x63\xe8\x19\xf9\
\x03\x57\xfb\x9e\x62\x46\xd4\xdf\x4d\x62\xc6\x4d\xcd\xe9\xcd\x8d\
\x6b\xd8\xd1\x4f\x28\xce\x33\xde\x1a\x61\x23\x2e\xd8\xc0\x06\xbe\
\xa5\x15\x2e\x88\x37\xa9\xd4\x7c\xd4\x0b\x68\x32\xaa\x20\xee\x15\
\x73\x5b\x9b\x15\x99\x0b\x95\xb2\xdc\xab\xf6\xc2\x8a\xc1\xf8\x8d\
\x79\xe8\x34\x43\xa6\x91\xc1\xc1\xbb\xe2\x1e\xa5\x0c\x68\xe7\xac\
\x49\x7a\x26\x58\xd0\x61\x29\x4b\x57\x14\x03\xf9\x55\x32\x3e\x9b\
\xab\xc1\x5e\x3c\xfb\xe4\x82\xf7\x26\x60\xbd\x5e\x90\x85\x7d\x72\
\xa5\x41\xa3\x57\xdb\xad\x5f\xa0\x0f\x41\x4f\x0e\x5b\xdc\x20\xdb\
\x20\x44\xcb\xb3\x93\x13\xc3\x1d\x80\x9b\x23\xc2\x27\xd7\x44\x19\
\x0f\xc8\x22\xe7\xc1\xe2\xad\x00\x87\x83\x5a\x3e\xbc\x6f\xf2\x32\
\x4b\x6d\x6f\x42\x9f\x76\xa8\xcb\x6a\xe5\x5e\x83\xf0\x95\x49\xef\
\xcb\x54\xf9\x1e\x5c\x07\x53\x7d\x3b\xa0\x3e\x75\xae\x1a\x13\x4b\
\xc2\x26\xd4\x18\x6f\x24\xda\x87\x25\xb6\x1e\x4a\x3d\x87\xfe\x3c\
\x30\xdf\x85\x28\xe8\x1c\x4a\x81\x8b\x46\x1b\x84\x35\x04\x07\xe3\
\x41\x10\xd4\x28\x64\x1a\xba\x88\x2c\x4f\xf1\x24\x64\x47\xbf\x79\
\xa0\xb0\x53\x0b\xc6\x16\xce\xce\x75\x91\xf0\x43\x43\x52\xce\xb3\
\x20\x53\x91\xb0\x28\x47\x4a\xfb\xd5\x11\xa4\x4a\xfb\x5d\x72\xd3\
\x89\x2d\x9c\x43\x0d\x41\x2e\xa3\x04\x0a\x72\xcc\xc9\x5b\xe8\x5c\
\xd6\xe2\x87\xe0\x10\x64\x4a\x14\x43\xd4\x3e\x69\xc9\x3d\x90\x76\
\xfb\x82\xd9\xf6\xa8\x65\x46\xc8\x05\xfe\x1f\x6c\x01\x81\xfd\xc4\
\xc3\xcc\xbd\x2d\x4c\x54\x6e\x02\x5b\x50\xa2\x42\xb6\x96\xb5\x61\
\x55\x36\xa8\x6b\xe2\xad\xa6\xf7\x3b\x34\xd2\xb7\x00\xe1\xd7\x99\
\x21\x92\x0b\x1d\x41\x25\x6b\xd0\xa1\x05\x16\xa3\x00\x1b\xf2\x92\
\x28\x6e\xaa\x16\x6f\x46\xa2\x95\xd3\x10\x88\x1e\x61\x84\x99\x32\
\x98\xad\xc2\x0e\xaf\x91\xc6\xcd\x87\x7a\x52\xc0\x5e\xb9\x6f\xa8\
\x24\xbe\x32\xed\x57\xaa\x93\xa2\x58\xf9\xad\x9e\x56\xee\xf7\xd3\
\x07\x39\x5e\x35\x0b\x17\xca\xe5\x68\x4f\xf0\x71\xdd\x24\xae\x00\
\x61\x7e\x35\xe1\x45\xed\x2b\xf0\xb2\x45\x46\x09\x79\xaa\xdf\x1e\
\x98\x3f\x3d\x10\xcb\xb0\xdf\x7a\xc0\xd1\x04\x00\x6a\xa0\x16\x16\
\x85\xbf\x86\xbe\x01\xbb\x9e\x2b\xa1\xca\xea\x06\x2a\x02\x95\x5a\
\x0c\x4c\x46\x14\xa0\x59\xb8\x36\xe9\xa1\x62\xa1\xc1\x1d\x63\xa7\
\xa7\x57\xde\x8e\xc2\x1a\xa3\x58\xf6\x63\xcf\x1a\x33\xed\x0b\xc8\
\xdd\x14\x8c\x57\xd5\xd5\xfb\xf5\xf4\x61\x98\x50\x31\x1c\xf6\xe9\
\xde\x1d\x7b\xce\x93\xc6\xf3\x10\x19\x0d\x7f\xf3\x1e\xe6\xa6\xf8\
\xe4\x90\x0b\xd5\x37\x05\x06\x86\x65\x20\x09\x79\xb2\xe0\x47\x00\
\xd1\x66\xa6\xcf\x68\xe5\x2a\xeb\x4a\x0d\x45\x92\x59\x72\x2e\x61\
\xf7\x16\xa1\x66\x50\xc9\x6e\x74\x9d\x3b\xb1\xed\x04\x96\x03\x6a\
\x70\x71\x0d\x67\xc5\xf8\x52\xca\x1a\x86\xe7\x02\x67\x6e\xde\x0e\
\xe5\x01\xeb\x28\xb1\x93\x2a\xda\x22\x4e\x4a\xa0\xc5\x43\x8c\x66\
\x5f\x10\x24\x4a\xe3\x41\x1b\xf4\xaf\xd8\xcd\xf8\xe4\xd1\x95\xa3\
\xd8\x2f\x47\xd2\x06\xef\x11\x6a\x8f\x50\x12\x64\xb6\x45\x38\xb1\
\xcf\x0e\xc9\x26\xf8\x8a\xf8\x13\x6c\x2a\x82\x1e\x27\x07\x37\x01\
\x00\xdc\xb0\x1f\xd2\xbd\x17\x31\x83\xa8\xd6\x81\xaa\x31\x7e\x86\
\x61\xeb\x61\xe3\x20\x8f\x57\xcb\x57\x49\x00\x3f\x51\x63\x74\x43\
\xc5\xf8\xa1\x1b\xcd\xe8\x41\xa2\x4b\x0d\xb6\x26\x45\x54\x51\xb6\
\xb1\xf6\x13\x9a\x98\x85\x75\x22\x21\x41\xce\x76\xa4\x89\x36\xeb\
\x3c\x73\x72\xf3\x15\x51\x73\x03\x7a\x05\xe3\x69\xda\x49\x83\x96\
\x05\xf7\x6f\x23\xb0\xa8\xbc\x88\x73\x44\x74\x82\x38\x52\xc1\x80\
\x1d\x8c\x02\x00\xf0\xab\x0c\xff\x72\xcf\x94\xd7\x02\x21\x81\x01\
\xc4\xb7\x87\x0b\xa0\xa1\xe1\xe8\x88\x7d\x5e\x68\x37\xf8\x82\x08\
\x59\xa4\x15\x60\x04\xd9\x2f\x31\x31\x60\x91\xe7\x8f\x2e\x81\x82\
\x46\xd7\x6a\x80\xe1\x17\xf2\x66\x8f\x54\xa5\x93\x16\x8c\x9d\xe9\
\xfe\x1c\x06\x9d\x9e\xc0\x95\x65\x51\x62\x08\x01\x6e\xb0\x1a\x21\
\x4f\xab\xa5\x4d\xc5\xe2\x29\x0e\xea\x1c\xe1\x55\x3a\x81\xdd\x01\
\x19\xfb\xea\xc4\xd4\xba\xec\x90\x6d\x23\x22\x9a\x82\xce\x5d\xc1\
\x0a\x02\x46\xa5\xd4\x54\x90\x27\x06\xb2\xa7\x08\xdd\xf4\x46\xa0\
\x82\xe2\x63\xba\x0a\x98\x01\x22\x92\x15\x12\xd6\xd1\x37\x15\xd4\
\x2f\xb5\x3f\x16\xa1\xf2\xe1\x84\xc7\xa5\xa8\xa7\x75\xd9\x48\x64\
\x1f\x70\x30\xf8\xf5\x9c\x09\xed\x88\x4c\x41\xde\xec\x93\x1a\xc5\
\x3f\x13\xf5\x46\xbd\xaa\xf8\x37\x57\xa7\xd7\x1e\x73\x75\x03\x38\
\xed\x53\xc3\x58\x09\xd8\x7a\x2a\x1c\x19\x72\x1b\x89\x76\xb9\x9d\
\xb0\x11\x7c\x6a\x0e\x6d\xd8\x50\xa1\xe5\x26\x2a\x04\x55\x03\x0e\
\x62\x53\xe9\x35\xe2\x80\x0c\x47\xed\x40\x7d\xbc\x27\x69\xde\x84\
\x16\x28\x74\x64\x9f\xe9\x74\x70\x0b\x95\x06\x1c\x0d\x2e\x82\x88\
\xe5\xfe\x00\x1f\xcd\xb7\x73\x53\xf8\xb3\xc4\x33\xd5\xed\x12\xd9\
\x40\x3f\xd3\x09\x50\x0b\x51\x62\xdf\xf4\x67\xa0\x1e\x5a\xd9\x09\
\x26\xc9\xbb\x80\x4d\xc0\x5c\xd5\x1a\xe8\x1e\x30\xb1\x16\x4f\xe5\
\x01\x18\x10\x1a\x7b\x19\x10\x0b\x74\x14\x2e\x02\x0a\x18\x9b\xe8\
\xf8\x92\x40\x02\x5c\x82\xd4\xd5\xcc\xc2\xc5\xb5\x94\xc1\x3a\x89\
\x06\xe6\x84\x76\x32\x15\x1b\x6a\x6b\x50\x4b\xd4\xc5\xbe\x90\xd4\
\x30\x14\x5b\x6d\x8f\xfb\x81\xb0\xfd\xe9\x2d\xf1\x1c\x72\xab\x61\
\xe4\x2f\x45\x01\x83\xa5\xe3\x51\x7e\x88\x2e\x3a\xdc\x03\x43\x85\
\x85\x4b\xfc\x43\xc0\x19\xfd\x4c\xc7\x21\xb4\x06\x80\x5f\xf1\x45\
\x3b\xa1\xe7\xed\xa2\x6b\x5b\x18\x30\x12\x5a\xfb\x6e\xbc\x1b\x91\
\x8b\xe4\xf0\x1c\xf4\x71\x00\xa7\x1a\x54\x85\x40\x51\xc7\x13\xa1\
\x0a\x3e\x53\xd2\x05\x53\x43\x11\x77\x5a\x0f\xb0\x3f\xf4\x4a\xa3\
\x4e\xb7\xc7\x32\xfa\xc6\x7d\xd0\xf8\x01\x24\xda\x10\x1f\x0b\x0e\
\xd7\x2a\xdc\x84\x30\xc4\x9a\x96\xb3\x7d\x8b\x98\xa1\xa4\x2b\xd2\
\x8f\x78\x11\xdc\x14\xfe\x06\x90\x11\xcb\xd0\x84\x74\x1c\xd4\x3f\
\x44\x4e\x8d\xd7\xe3\x35\x17\x8a\x4b\xd3\xc1\x1c\xa2\xb2\x81\x30\
\xab\x48\xeb\xea\x45\xce\xa0\x60\x5d\x00\xa3\x43\x16\x91\x1a\xf6\
\xbe\x24\x81\x86\x5f\xb2\x13\x34\x3d\x04\x37\xb1\x06\x21\xe3\x1d\
\x81\x15\xd4\x43\x0c\x0d\xe1\x66\xb4\x14\xbc\x59\xd6\xd9\xa4\x05\
\xc8\x43\x54\x44\xd9\xf5\x85\x10\x68\x93\xda\xcd\x28\x86\x53\x12\
\x3b\xc0\x8e\x21\x61\x40\x64\xfc\x2c\x5f\x46\xdb\xe2\xfa\x3e\x92\
\xd9\xda\x08\x96\x9e\xa6\xc0\xec\x62\x2d\xec\x4a\xd7\xd4\xe0\xa0\
\x9a\x82\x17\xdb\x07\x1c\xe6\x55\xc0\x10\x9a\xea\x0c\xc8\x01\x37\
\x8a\xe4\xf1\x34\x05\xf7\xa4\xf6\x48\xda\x94\xd4\x30\x8c\x05\xfa\
\x93\x4e\xa5\x36\xe4\xe1\xaa\xb0\xcf\x21\x5d\x30\x51\x48\x38\x0d\
\x4f\x2f\x51\x99\x6b\xc9\x9c\x42\xb0\x01\x73\x4a\xad\xe9\xce\xa5\
\x80\x08\x5e\x1d\xe0\xb1\x6d\xf2\xc3\xf9\x16\x70\x11\x15\x2f\xa1\
\x8c\x00\x71\x12\xfd\x0b\x7f\x45\x93\x0b\x0c\xd7\x4d\x9e\x17\x10\
\xce\xc8\xe2\x07\x2c\x7d\x70\xc9\x0b\x65\x05\x67\xb0\xc7\x3d\xa4\
\x79\x01\xcc\xc0\x95\xda\x0d\xa8\x11\xd2\xb3\x5a\x76\xd0\x1e\x78\
\xe4\xe5\xe0\x16\x31\x5d\x44\x99\x9e\x9b\x0f\xa6\x8f\xac\x2e\xee\
\x2d\xe2\xb7\xf8\xc6\xfe\x00\x33\x5e\x12\x93\x79\x50\x2d\x60\x3b\
\x24\x07\xb9\xb5\x5f\xae\xe4\x81\x93\x86\x26\x2f\xb2\x84\x9d\xe1\
\x11\x41\x62\xcc\x5a\xb0\x4c\x19\x25\xc8\x8a\xa4\xb1\x3f\xf9\x33\
\xc3\xb4\xc5\x78\xd1\x56\xf3\xbe\x92\xba\x18\xa8\x10\x3b\xf4\xed\
\xa0\x26\x0a\x5c\x9a\x2d\x4a\x17\x81\xd2\xeb\xf0\x13\x1e\x04\x85\
\xca\xea\x11\x1f\xd4\x17\xb6\xf1\x68\x14\x49\x65\x50\x37\x68\x5b\
\x1c\xd1\xa1\x7b\xe8\x32\xd8\x16\xc5\x32\x5c\x80\xa4\x54\xfa\xc0\
\x2d\xdc\x4d\xeb\x1c\xf6\x42\x72\x28\x65\x5a\x2e\x60\x98\x13\x12\
\x04\x2f\x87\xeb\x6a\x98\x8c\xc9\x3d\x11\xf6\x10\x51\xc6\x78\x94\
\x1c\xf5\xc0\xa5\x1d\x5e\x7b\x4f\x78\x13\x0c\x9e\x58\x94\x4b\x73\
\x61\x12\x1a\xb8\x8b\x81\x8d\x4a\x42\x17\xc2\x8c\xa6\x18\xe9\xfd\
\xc8\x49\x1a\x20\x69\x6b\x28\x21\xc2\x78\xba\x4a\x01\x18\x01\x40\
\xd8\xcc\x4d\x1d\xf3\x35\xe1\x92\xb5\x00\x0a\x30\x48\xfa\x04\xf3\
\x01\x6f\xa5\x28\x43\xbf\x33\xd4\x7a\x73\x7c\x96\xa8\x4b\xdf\x26\
\xd1\xe9\xa0\x9c\x29\x10\x47\xa1\xc3\x3a\x1b\x2b\xbe\x66\x49\x95\
\xfe\x8b\xbb\xad\x5b\x14\x29\x84\x36\x64\x77\xfb\x23\x3d\xb0\x83\
\x3a\xa0\xd1\x3b\xf2\xb9\x27\xd4\x56\xd2\xb4\x45\x7a\x98\xfd\x5f\
\x27\xf3\x8b\x86\x9b\xc4\xd5\x44\x50\x10\x41\xc0\x49\x75\xd0\x08\
\xc9\xb7\xdf\xc6\x36\x98\xbf\xd2\x88\xb0\x44\xf5\xf9\x4a\x43\x4f\
\xe1\x7b\xd5\xb4\x0b\xab\x80\x6d\xc5\x66\xdd\x43\x6f\xd7\x62\xcf\
\x1a\x02\x44\x3d\x48\xb2\xd1\x3f\xdc\x50\xb5\x82\x5e\x48\x94\xc3\
\x91\x2c\xc4\x6e\xad\x0b\xd3\x80\x98\x10\x08\x62\x01\x1a\x88\x54\
\xeb\xc6\x8b\x4c\x88\x11\x58\x06\xce\x56\x41\xf5\x74\x48\x40\x1e\
\x88\xee\xe5\xf2\x5c\xf2\xa0\x9a\x08\x14\x4d\x11\x10\x4e\xf4\x0d\
\x4e\x9e\x46\xd4\x80\x82\xee\xe9\xf3\x9e\x6c\xbc\x3f\x39\xe2\xce\
\x15\x1e\x65\xf3\xb7\xd2\xbf\xc8\x74\x6e\xdd\xd0\xd1\x40\x32\xfd\
\x18\x93\xd4\x15\xec\x6c\x62\xd6\xbd\xb3\x06\x55\x2c\x1a\xce\x20\
\x97\xfc\xd8\x29\xbb\xed\x50\xc7\x05\xdd\xb0\x01\x5c\x94\x3c\x22\
\x43\x46\xb3\x65\xeb\x4f\x23\x35\x72\x2a\xda\x68\xe8\x3b\x94\x30\
\x57\xdd\x60\x43\x7f\xfb\x1a\xd3\x40\x32\x44\x51\xcc\x80\x9d\x03\
\xd1\x50\x18\x43\xaa\x13\xe2\xe3\xdd\xe8\x4d\x2e\x72\x02\x02\x8b\
\xcc\x80\x0a\xa0\xf7\x47\x68\xc9\xe2\xf2\x0b\x20\x15\xee\x87\x2e\
\xa8\x7d\xd0\x47\x72\xb5\x6d\xb8\x1f\xd4\xf5\x59\xb8\x6f\x5d\x0a\
\x05\x34\xc2\x83\x8f\xa0\xb7\x84\xb3\x59\x79\xc2\x27\xa2\x34\xeb\
\xaa\xe7\xcd\x67\x16\x72\x1d\x51\x89\x2c\x94\xae\x81\x92\x70\x82\
\x9b\xca\xc6\xd9\x15\xb5\x7e\x91\x5d\xb2\x09\xb0\x03\xce\x17\xfd\
\xe0\x8b\xa4\x1e\x9a\x13\x4c\x02\x06\xe2\x80\x25\xa0\x4d\x84\x11\
\xa2\x6b\xe0\x64\x2f\xdd\x8e\xd4\x30\x54\x71\xbf\x0e\x04\xab\x3d\
\x06\x29\x43\xa0\x9a\xe5\xd3\xc3\x68\x7c\x18\x9e\x82\xb2\x23\xb5\
\x54\xb0\x9a\x38\x7d\xb3\xed\x93\xc5\x5e\x0d\x79\x7d\x64\x39\x9e\
\x48\x1e\x04\x4c\x93\xd1\xd5\x4c\xfa\x29\x35\x9f\xc1\x08\x5e\x07\
\x50\x69\x90\x02\xa4\xd2\xc5\x07\x53\x73\x1b\x44\x2c\xf9\x87\xaf\
\x67\xb3\xb0\xf1\x27\x11\xf9\xb1\x27\xae\x90\x77\xa1\x8f\xec\x58\
\x0f\xd8\x50\x49\x78\x8d\x7a\x3c\x6d\x45\x05\x12\x18\x92\x35\x60\
\xa2\x82\x04\x80\x05\x67\x40\x5e\x83\xed\xc3\xa0\xdd\x6a\x59\x1e\
\x1b\x1c\x1f\x2c\x99\xf8\xb5\xe6\x06\x18\x87\x7e\xd2\x88\x4d\x5f\
\xd5\x07\xa3\x5b\x33\x2a\xff\xa0\xa8\xa4\xf9\xa8\xc1\x3b\x34\xa2\
\xd4\xc0\xa9\xd3\xa9\xd0\x63\xa2\x59\x35\x37\x43\xd9\x74\x99\x42\
\x5f\x70\x47\xd4\x1a\x8d\x0f\xa7\x35\x09\x02\x42\x8a\xdf\x1b\x22\
\x5d\xf6\x8e\x07\x40\xc2\x79\x09\x04\x03\x3a\x4f\xaf\x00\x1d\x4b\
\xf5\x05\x53\x8f\x04\xa3\xff\x61\x62\x84\x5b\xc3\xf8\x11\x69\x89\
\x79\x5a\x94\xfa\x33\xcd\x17\xa8\x49\x2a\xc1\xcf\x86\xdf\x47\x15\
\x00\x98\xfc\xc3\xef\x5f\x36\x3e\xa8\xd5\x3d\x88\x1b\xc0\x0b\xcb\
\xd2\x86\xa8\x69\xb2\xeb\x72\xdf\xe2\xc7\x40\x67\x20\x7a\x11\x01\
\x4d\x2e\x7e\x43\xd9\x2c\x0d\x82\xc6\xe0\x07\x19\x5d\x16\xe9\x13\
\x80\x06\x20\x20\x08\xa6\xf4\x38\x0e\x63\x52\xc3\x03\xd9\x54\x9b\
\x93\x11\x99\x1b\xd8\x01\x56\x51\x57\xc8\x3d\x6a\x0d\x1a\xe2\xfa\
\xcd\x5a\x87\x2d\x50\xfb\x32\x6c\x50\xf8\x49\x92\x89\x45\xf5\x58\
\x5b\x80\x64\x45\x44\x68\x5c\x54\x1c\x74\xa4\xba\xa6\xf5\x02\xf7\
\x25\x76\x60\xd4\x46\x1e\xc3\x9e\x09\xcb\x83\x56\x68\x05\x81\xa5\
\x12\x08\x24\x04\xe0\x82\x55\x16\x8e\xaf\x42\xcc\x3b\x6e\x60\xe0\
\x70\x45\xc2\xe8\x90\x3f\x60\x7a\x4b\x88\x69\x8d\xde\x70\x8d\x6f\
\x22\xf8\x5a\x1f\xc4\x83\x6f\xb8\x88\xe9\x90\x04\x01\x94\xd8\x23\
\x18\x85\x46\x00\x5d\xd1\x63\x9d\x4b\xe0\x36\x4e\xdb\x0b\xa6\x05\
\x21\x45\x3e\x84\x1c\x24\xa1\xa1\x91\x11\x14\x03\xd8\x07\x6c\x91\
\x05\xd8\x7e\x0a\xc3\x91\x34\x67\x69\xd2\xe2\xf7\x58\x3a\x4b\x0d\
\xc7\x88\x14\x4e\xc0\x87\x7e\xbb\xeb\x20\x3a\xa8\x4f\xf7\xef\x23\
\x09\xef\x33\x4c\x48\x7e\xf7\x96\xc4\x42\xa1\x2d\xec\x1d\x32\x42\
\xc3\xad\xdc\x82\x5e\x8a\x54\x8b\xf0\x13\x4a\xbb\x49\x2b\x9c\xd8\
\x34\xf3\xcf\x5c\x53\x56\xaf\x0f\x0c\xf9\x90\xc4\xa2\xec\xb3\x6a\
\x0c\x11\x0d\x76\xb3\x94\x56\x42\xa0\x89\xbc\x86\x82\xa0\x09\x90\
\xee\xa3\x4c\x96\x45\xfa\x54\xb1\x2c\x71\x57\x87\x26\x60\xc5\x5b\
\xfe\x4d\x55\x8f\x78\x8c\xec\x4a\x93\x55\x90\x80\x4e\xc7\x24\xa3\
\xf3\xaf\x86\xa4\x59\x8e\x68\x10\x13\x64\x36\x1c\xd1\x78\x1f\x90\
\x2b\x27\xc6\x33\xae\xb2\xe3\xd4\xd2\xab\x8b\x08\xfb\xa3\x47\x31\
\xea\x5c\x07\x33\x8f\x4c\x79\x70\xb4\x44\x82\x6f\xd6\x06\x1f\xe0\
\x70\xa6\xc0\x60\x4d\x68\x39\xe8\x36\xa5\x1c\x4b\x8e\xf6\xfe\xf8\
\x78\x32\x7a\x4c\x0b\xa8\xa8\x09\xb1\x37\x05\x0e\xa8\x6a\xf6\x85\
\x0e\xcf\x9a\x3b\xa2\xb4\xe8\xbe\x81\x32\xd6\xa4\x0b\xf8\x86\x67\
\x85\xcd\x00\x86\x87\x69\x91\xc4\xc8\x83\x4c\x48\xe5\x93\xe8\x58\
\x8c\xe4\x9c\x14\x24\x0e\xd9\xf0\x07\x06\x93\x90\x62\x76\xdf\x10\
\x9c\xf4\xd2\x90\xe4\x45\x66\x69\x06\x83\x00\xa9\x4f\x2c\xba\x16\
\x75\xc0\x30\x8d\xae\x81\x00\x86\x4e\x3a\xd1\xb2\x74\xfa\xba\x35\
\x68\xc6\x78\x6b\x65\x05\x57\x77\x32\xa9\xc5\x28\x7e\xc1\x17\x4a\
\x26\x20\xe9\x89\x15\x15\x76\x2b\xbc\x76\x79\x8f\x8e\x34\xc7\xd6\
\x74\x58\xc3\xa0\x9c\x26\xc9\x12\x48\xea\x38\xa4\x20\x4a\x0e\xfe\
\xf3\x76\x70\x22\x44\xd4\x0d\xac\x8f\x3f\xad\x7b\x17\x4a\x78\xcf\
\xa9\xd1\xba\x5b\x74\xf1\x78\x0e\x08\x2b\x4e\x3d\x23\x57\x11\x58\
\x00\x2b\xef\x41\x65\x1f\x9e\xd0\xf4\x7b\x60\x28\x21\x05\x4c\xd8\
\xe7\x50\x55\x90\x80\x3b\x2c\x2f\x47\x97\x32\x75\x34\x26\x45\x4b\
\xdf\x44\x20\x09\xb8\x0e\xdc\xd7\x27\x15\x07\x6c\x18\xb9\xb7\x86\
\x64\xa8\x82\xa6\xe9\x34\x12\x9a\x86\x0c\x39\x7b\x69\xf4\x45\x4a\
\xc1\xf9\xae\xb1\xf4\x71\x55\xcc\x41\x87\x60\x60\x35\x1f\x82\xa6\
\x4d\xc6\x0c\x51\x2c\x35\x40\x11\x23\x12\x27\x34\x5d\x8d\xd8\x2c\
\x3c\xaa\xc0\x8a\x0e\x86\xbe\x71\x2f\x56\x22\x8c\x53\x51\x4a\xee\
\x33\xe7\x47\x9d\x4d\x9b\x9f\x71\x4e\xc2\x2a\x7f\xc6\x39\x43\xe3\
\x26\x1d\xfc\x6c\x2f\x39\x9f\x29\x49\xd0\x06\x64\xa7\xb9\x47\x40\
\x25\x9f\x82\xdb\x03\x59\xb8\xbc\x43\x03\x52\x9c\x8f\xd0\xfb\x25\
\x90\xd4\x93\xb1\x13\x3c\x70\x46\x71\x44\x1d\x01\x49\xa0\xa4\x32\
\xd5\x67\xbd\xaf\x9c\xd5\x34\x11\x6c\xd7\x41\x5d\xa7\x74\x0c\x3e\
\x6d\x6e\x92\x13\xf0\x06\xd5\xad\xa9\x1c\x8b\x02\xcf\xc0\x3c\xbc\
\x1b\x9a\x56\x7d\xb2\x26\x5e\x78\x68\x2a\x5d\x3e\x43\xa5\xd4\x11\
\xd3\x36\x0e\xef\xf4\x88\x5e\x7a\x58\x73\x17\x07\xf1\x0c\xc9\x52\
\x0f\x4c\x61\xc2\x9a\x4a\x9b\x22\x45\xdd\x52\x6f\xa4\x28\xaf\x5e\
\x90\x46\x3b\x4d\x1d\xce\x80\x3f\xe5\x9d\xd2\x98\x3e\x56\xf1\x79\
\x94\x39\x42\x43\xea\xb8\x06\x05\x3b\xf5\xc6\xd6\x20\x1c\x40\x1e\
\xc7\x00\xde\xd9\x64\x55\x09\xe1\xdf\x6b\x90\x90\xef\xba\x0f\x5c\
\x42\x4b\x66\xb1\x51\x57\x9f\x09\x3c\x61\x66\x62\x04\xcc\x6f\x74\
\x18\x7d\x7f\x74\xf8\x46\x9f\x75\xb6\xb0\x83\x26\xc4\x20\x50\xcd\
\x27\xc7\xa6\xf9\xad\x34\x26\x82\x03\x0d\x61\xbb\xe8\x3c\x48\x38\
\x75\x21\x57\x6b\xf4\x6b\x71\x88\xb7\xd0\x34\xee\xe6\xfa\xdc\x58\
\xf2\x0f\xa1\x15\x16\x8e\x92\x16\xf3\x3a\x6c\x00\x44\x7c\xec\x50\
\x8b\xee\x92\x74\x5e\x42\x9d\xd0\xda\x94\x31\xf7\x5a\xcf\x06\x54\
\x9d\xd3\x52\xad\xf7\xa4\xfd\x39\x51\x0b\x66\x07\x17\xa2\xb3\xbc\
\xa7\xe3\x10\x3a\x1a\x0c\x2d\xae\x81\x0e\x9f\x14\xf9\xd5\x40\x0b\
\x29\x09\x51\xd2\xec\xfa\x0c\x05\x50\x18\x9c\xed\x2c\xf9\x24\x71\
\xb5\xa9\xd9\x33\x96\xce\x6b\xe0\x1d\x14\x23\xd2\x39\x49\xc0\x17\
\x64\x89\xa6\x1b\x99\x5f\x83\x25\x17\xaf\x80\x04\xe8\x09\x5c\xc3\
\x18\xdf\xe7\xcd\x1d\xfc\x1b\x2f\x4f\xc8\xf9\x22\xb5\x20\xf5\xbe\
\xeb\xd4\xf8\x1d\x2b\x74\xa5\xdd\x62\x87\x86\x4e\x19\x6f\xbd\xe0\
\x04\x82\x55\x52\x77\x00\x7f\xf0\xf5\xd4\x78\x13\x61\xea\x00\xdc\
\xa6\xe1\x3e\xc2\xb9\x6b\xd2\xd6\x11\x38\x28\x29\x42\xf1\x9d\x6a\
\x34\x96\x34\x6b\x12\x31\xd3\x4d\xbe\x68\xe0\x8e\x8d\x48\x7b\x6b\
\xd6\x09\x1a\xd1\xb6\xbc\x82\x16\xd1\x84\x06\x96\x8f\x57\x70\xa4\
\x11\xa5\xa7\x03\x90\x13\x4b\xd5\x8e\x4c\x3f\x3a\xb1\x94\xe1\x45\
\xfc\xa9\xb5\x68\xe8\x54\xde\xd4\xc8\x67\x90\x44\x23\xc3\xd6\xf0\
\xb4\x06\xcb\x6a\xb8\x18\x67\x69\x3a\x6b\x35\xc9\x40\xba\xa0\xeb\
\xe8\xda\x9b\xe8\x12\x1f\xd8\xf1\x73\x21\xef\x07\xc3\x9a\x98\x92\
\x36\xd6\xa1\x69\x62\xc1\x05\x20\x88\x5c\xd6\x04\xc5\xaf\x37\x1c\
\x03\x39\xe4\x23\xf9\x09\x2f\xb7\x10\x84\x16\x75\xca\x92\x11\x44\
\x20\x06\x62\x54\xe3\x81\x3e\x6a\xd6\xf2\x4c\x77\xce\x19\xd5\x4f\
\xb8\x2d\xbb\xf0\x0e\x44\xa9\x00\x92\x81\x92\x3a\x14\x2a\xe8\x46\
\x81\x4f\x0d\xa7\x12\x29\xb8\x59\x87\x17\x20\x46\xee\x86\x4c\x44\
\x05\x21\xd5\x91\x78\xf4\x92\x3e\x9f\xd1\xd1\x74\xc8\x15\x87\xc9\
\x06\x7e\x86\x09\xd3\xd0\xa0\x83\xae\xd7\xe1\x28\x4c\x80\x72\x42\
\x66\x14\xea\x76\x87\x44\x44\xc4\xc9\xa6\x99\x05\x12\x2f\xc1\x97\
\x50\xed\x46\x2f\x1a\x46\xa7\xf4\x4d\xd3\x7a\x9d\x8a\xaf\x12\x29\
\xff\xa6\x23\x8b\xa0\xb3\x01\x82\xf3\x3e\x70\xa1\xe1\xf6\xd0\x46\
\x31\xd4\x62\x89\xaa\x69\x16\xb5\x43\x9b\x4d\x54\x2e\xa2\x0c\xe9\
\x0c\xe7\x54\xb7\x0e\xef\x01\x5f\x60\xe4\x06\x0d\x20\x3e\x92\x10\
\x57\x42\x44\x02\x17\x0d\x7e\x74\x70\x87\x98\xaf\x88\xbd\xa0\xb5\
\x03\x4d\x9a\x9e\x63\x22\x11\xc8\xa9\x82\x00\x18\x6d\x47\xc5\x2f\
\xa9\x53\x44\x8a\xce\x75\x82\xce\x8e\x31\x7b\x81\x7b\x59\x41\x45\
\xc2\xe5\x80\xdc\x00\x12\x08\xde\xd2\xc7\x05\x90\xe4\x3a\xcf\x26\
\xb5\x87\x16\x98\xa5\x0e\x81\x8d\x03\x73\xb6\x90\xf5\x48\x02\x3f\
\x83\x09\x49\xc3\xb2\x17\xc9\x3b\xba\x3e\x31\x12\x6b\x6d\xef\xec\
\x04\x9e\x08\xa4\xb7\x20\xcb\x06\xda\x18\x0f\x33\x31\x5b\x33\xc0\
\xe9\x71\x38\x7d\x0e\xa8\xd2\x74\xb4\x11\x40\xc5\xa2\xf0\xa1\xa6\
\x43\x88\x4a\x5b\xe1\x62\xf3\xc0\xab\xeb\xb3\x0b\xf8\x2a\x6c\xf4\
\x05\x99\x6a\x32\xe8\x8d\xa2\x07\x65\xc8\xd9\x9b\x4a\x61\x21\x74\
\x60\x77\x75\xec\x9a\x92\xe6\xd3\xf0\x11\xc6\x2e\xb4\x00\x90\x36\
\x43\xc1\xc7\xa1\xa1\x62\x69\x1a\x36\x8e\x81\x16\x18\x51\xe7\x95\
\xa8\x50\xc4\xbc\xdf\x93\xae\xd6\x64\xce\xf9\x76\x75\x1c\x84\xe5\
\x41\xfb\x6f\xc4\xe8\x3b\xc9\x11\x6a\xcf\x93\xf1\x87\x1e\x02\xd5\
\x64\x53\x53\x29\x54\xe1\xc4\x15\x21\x06\x9e\x85\xa0\x8d\x32\x14\
\x0f\x15\xec\x9e\x5c\x78\xc7\xf2\x40\xd9\xa6\x05\xbb\xfa\x48\x07\
\xbb\xfe\x3c\x6b\x46\x62\xbc\x61\xa5\x2b\x74\xb9\x34\xce\x04\x12\
\x8a\x1c\x08\xee\x1d\xe9\x76\xf0\xb3\x30\xe8\x93\xfb\x4e\x45\x51\
\x09\xbc\xf6\x41\xd5\xc3\x18\x50\x22\x35\xa8\x64\xa6\x37\xaa\xac\
\x02\xa9\x7c\x34\x2a\x8c\x29\x00\xf8\x34\x66\x21\xc7\x1d\x14\xd6\
\x94\xb1\x6a\x72\x51\x5c\x78\x87\xfc\x1a\x68\xeb\xf3\x14\x83\x16\
\x82\x89\x97\x1a\x8d\xec\x75\x9d\xcd\xbf\x6d\xc8\xd4\xcb\x57\xea\
\xe8\xc0\xff\x22\x52\xc3\x6c\xd4\x37\x75\x4d\xce\xae\x26\x31\x38\
\x7c\xf5\x05\xfa\xe3\xe8\x9c\x49\x1d\xce\xcd\x29\xc1\x88\xc0\x43\
\x73\x02\x50\x35\xe3\x7f\x06\x2e\xea\xca\x44\x6d\x42\x92\xad\xb4\
\x8f\xe1\x02\xa5\x5c\xd6\x04\xae\x83\xd9\x38\x2a\x3c\x34\x75\xac\
\x85\x2d\x69\xb5\x51\x75\x66\x16\x6e\x91\xce\x8a\xdc\xe5\x9c\xc8\
\xef\x50\x4d\x1a\xff\x62\x35\x28\x59\xe9\xbd\x9d\xb1\x71\xf8\x35\
\x3a\x50\x73\x81\x4c\x72\x74\x3a\x54\x34\x76\xac\x1b\xdd\xc6\xf6\
\x80\xbd\x77\x0c\xd8\x49\x65\x45\x30\x77\x2c\x74\xc4\xf9\xa0\x29\
\x01\x05\x8a\x77\xa1\x53\x94\xc9\xe3\xc2\xea\xfa\xe4\x41\xf7\x50\
\x70\x1a\xed\x78\x3c\x19\x8d\xa7\x0f\x04\x36\x7d\x64\x00\xdb\x51\
\x75\x3a\x5a\xe3\x56\x29\x34\x9c\x06\x62\x38\x77\x2e\x1b\x09\x74\
\xd3\x44\xc6\xc3\xa3\x6e\x81\x14\x53\xb3\x2d\x29\xd6\x10\x9b\x54\
\xf8\xc4\xb8\xc1\x00\x67\x69\x94\xe2\x71\xae\x28\x22\xfa\xe5\xd3\
\x0b\x03\x68\xf0\x91\x32\xd7\x34\xf7\xd1\x76\x13\x8b\xbb\x3f\xd0\
\x78\x29\x18\xba\x13\x04\x40\xf0\x98\xa1\xbf\x8c\xd7\xd3\xec\xac\
\x21\xa0\x64\x41\x8c\x8a\xc1\x1c\x34\x1c\xab\x8d\x80\x03\x62\x2f\
\x55\x8d\xdf\x5d\x92\x69\xde\x36\xc8\x1d\x7d\xa5\xa8\x6a\x54\xa7\
\xc1\x25\xb4\x0d\x40\x6b\x04\x85\x34\xfa\xde\x68\x7f\xd6\x00\x96\
\xff\xf9\xd1\xfd\xd3\x2f\xfe\xfe\x31\x78\xdd\x14\x79\x01\xc5\x2f\
\x1d\x7d\xb2\xf3\x9a\x74\x6a\xe9\x10\x45\xec\x1f\x3c\x94\xf6\xd9\
\x5e\xee\x33\x48\x57\x92\x8d\xa0\x0f\x94\x5c\x08\x9c\x58\x3c\x35\
\xc7\x92\x5e\xdd\xbc\xcf\xe2\xe8\x13\x3a\x27\x88\xda\x9b\x06\x1f\
\x8e\x72\x49\x55\x1f\x4d\xfc\xcc\x3d\x26\xd4\x47\xf2\xe1\xdb\x0a\
\x0f\x16\xca\x88\x54\xd0\xc3\x13\xc4\xd8\x9a\xcd\xe3\x59\xb3\xda\
\x4f\x5e\x88\x22\xca\xe8\xe6\xb7\x54\x87\x0a\xfc\x5c\x3f\x7e\x1f\
\x91\x12\xbc\xc3\xbb\xff\x05\x47\x1f\x7a\x44\x46\x8b\xba\x6c\x00\
\x00\x01\x85\x69\x43\x43\x50\x49\x43\x43\x20\x70\x72\x6f\x66\x69\
\x6c\x65\x00\x00\x78\x9c\x7d\x91\x3d\x48\xc3\x40\x1c\xc5\x5f\x53\
\x6b\x55\x2a\x22\x76\x10\x71\xc8\x50\x9d\x2c\x88\x8a\x38\x4a\x15\
\x8b\x60\xa1\xb4\x15\x5a\x75\x30\xb9\xf4\x43\x68\xd2\x90\xa4\xb8\
\x38\x0a\xae\x05\x07\x3f\x16\xab\x0e\x2e\xce\xba\x3a\xb8\x0a\x82\
\xe0\x07\x88\x9b\x9b\x93\xa2\x8b\x94\xf8\xbf\xa4\xd0\x22\xc6\x83\
\xe3\x7e\xbc\xbb\xf7\xb8\x7b\x07\x08\xf5\x32\x53\xcd\x8e\x71\x40\
\xd5\x2c\x23\x15\x8f\x89\xd9\xdc\x8a\x18\x7c\x45\x00\x21\x74\xa3\
\x13\xfd\x12\x33\xf5\x44\x7a\x21\x03\xcf\xf1\x75\x0f\x1f\x5f\xef\
\xa2\x3c\xcb\xfb\xdc\x9f\xa3\x57\xc9\x9b\x0c\xf0\x89\xc4\xb3\x4c\
\x37\x2c\xe2\x75\xe2\xe9\x4d\x4b\xe7\xbc\x4f\x1c\x66\x25\x49\x21\
\x3e\x27\x1e\x33\xe8\x82\xc4\x8f\x5c\x97\x5d\x7e\xe3\x5c\x74\x58\
\xe0\x99\x61\x23\x93\x9a\x23\x0e\x13\x8b\xc5\x36\x96\xdb\x98\x95\
\x0c\x95\x78\x8a\x38\xa2\xa8\x1a\xe5\x0b\x59\x97\x15\xce\x5b\x9c\
\xd5\x72\x95\x35\xef\xc9\x5f\x18\xca\x6b\xcb\x69\xae\xd3\x1c\x46\
\x1c\x8b\x48\x20\x09\x11\x32\xaa\xd8\x40\x19\x16\xa2\xb4\x6a\xa4\
\x98\x48\xd1\x7e\xcc\xc3\x3f\xe4\xf8\x93\xe4\x92\xc9\xb5\x01\x46\
\x8e\x79\x54\xa0\x42\x72\xfc\xe0\x7f\xf0\xbb\x5b\xb3\x30\x39\xe1\
\x26\x85\x62\x40\xe0\xc5\xb6\x3f\x46\x80\xe0\x2e\xd0\xa8\xd9\xf6\
\xf7\xb1\x6d\x37\x4e\x00\xff\x33\x70\xa5\xb5\xfc\x95\x3a\x30\xf3\
\x49\x7a\xad\xa5\x45\x8e\x80\xbe\x6d\xe0\xe2\xba\xa5\xc9\x7b\xc0\
\xe5\x0e\x30\xf8\xa4\x4b\x86\xe4\x48\x7e\x9a\x42\xa1\x00\xbc\x9f\
\xd1\x37\xe5\x80\x81\x5b\xa0\x67\xd5\xed\xad\xb9\x8f\xd3\x07\x20\
\x43\x5d\x2d\xdd\x00\x07\x87\xc0\x68\x91\xb2\xd7\x3c\xde\xdd\xd5\
\xde\xdb\xbf\x67\x9a\xfd\xfd\x00\x07\x44\x72\x7c\x9a\x71\xff\xb8\
\x00\x00\x00\x06\x62\x4b\x47\x44\x00\xff\x00\xff\x00\xff\xa0\xbd\
\xa7\x93\x00\x00\x00\x09\x70\x48\x59\x73\x00\x00\x0e\xc3\x00\x00\
\x0e\xc3\x01\xc7\x6f\xa8\x64\x00\x00\x00\x07\x74\x49\x4d\x45\x07\
\xe5\x05\x0c\x09\x09\x03\x4f\x71\xc1\x25\x00\x00\x19\x2d\x49\x44\
\x41\x54\x78\xda\xed\x9d\x79\x90\x5c\xc5\x9d\xe7\x3f\xbf\xcc\xf7\
\xaa\xba\xeb\xb5\xba\xd5\x8d\x24\x74\x20\x24\x8b\xfb\x10\x5a\x2c\
\x60\x2d\x83\x04\x78\x10\x18\x7b\x77\xf0\x78\x30\x18\x7b\x16\x6c\
\x07\x0c\xb3\xbb\x3e\xc2\xc6\x0e\xe3\xf5\xb2\xbb\x06\xef\x0c\xe3\
\x59\x13\x9e\xd8\x09\x3c\x03\x13\xc3\x60\x58\x7b\x1c\x88\xd3\x8b\
\xb9\x1c\x80\x19\x40\xdc\xc8\xc2\xb2\x6e\x74\xa0\x1b\xa9\xd5\xad\
\xae\xbb\xde\xcb\xdf\xfe\xf1\xaa\xab\xab\xba\xeb\xe8\x43\x42\x2c\
\x28\x23\x0a\x05\xaf\xde\xcb\xce\x97\xf9\xcd\xdf\xef\xfb\xfb\xe6\
\x2f\xb3\x24\x93\xc9\x70\xa4\x1c\x29\x1f\x94\x62\x8e\x74\xc1\x91\
\xf2\x41\x2a\xde\xa1\xfe\x03\x41\x10\xe0\x05\x3d\x56\x1b\x7c\x2f\
\x40\x98\xe9\x8d\x0e\xa7\xa7\x08\x82\xa0\xe1\x77\xeb\xd6\xaf\x67\
\xd6\xcc\x99\xe3\x7e\x1e\x60\xe3\xc6\x8d\x4c\x9f\x3e\x7d\x54\xf7\
\x1e\xea\x72\xeb\x5f\xff\x35\x5f\xfb\xea\x57\x2b\xff\x9f\x5a\xfb\
\x38\xfb\x97\xfd\x29\x06\x68\x36\x46\x91\x42\xcf\x69\x37\x90\xfd\
\x93\x9b\xc7\xd4\x17\xc1\xec\xd9\x52\x1c\xe8\x17\x3d\xe0\x44\xd5\
\x41\x7b\x02\x34\x2f\x71\xc5\x02\x79\x51\xda\x13\x88\x94\x10\x63\
\xb5\x1d\xd5\x03\x07\x06\x6a\x9a\x32\x16\x6c\xc8\xa1\x06\x52\xd0\
\xd9\x03\xd6\x5e\x08\xda\xd6\xe0\x96\x3c\x2a\xcf\x64\xfa\xde\x3d\
\x7c\x60\x4e\x06\x33\x41\xba\x47\x7e\xab\x69\x0a\x99\x2d\xcd\xfa\
\xe8\x9a\x6b\xae\xe1\xad\x35\xeb\x59\xbb\x76\xdd\x7c\x8c\x75\xc3\
\x9e\x37\x78\xba\x89\x4c\x36\x3d\x58\xc7\xe9\x4b\x2f\x60\xd3\x9b\
\x6b\xe6\xe0\xb4\xe3\x30\xbc\x6e\x8e\x42\xf6\xed\x4c\x66\xa0\x72\
\x21\x7b\x4b\x80\xb5\x9c\x64\x20\xd5\xec\xc1\x08\x72\x4e\x59\x93\
\xfa\x7e\xfd\xbe\x78\xf6\xf9\xe7\xf9\xf4\x25\x97\x60\x13\x48\xa4\
\xc1\x74\x4c\x38\x15\x95\x4e\x44\x7c\x50\x1f\x87\x01\x04\x11\x03\
\xae\x8c\x66\x14\x45\x11\x51\x50\x25\xfe\xa2\x08\x94\x70\x0c\x60\
\xdd\x0e\x0a\xc5\xbd\x88\x70\xc6\x82\x05\x2c\x7f\xe1\x85\xc3\x6f\
\xa1\xe3\x79\xaf\x93\xa1\xe1\x00\x66\xb0\x87\x8f\xf9\x24\x3a\x27\
\x99\x62\xbe\x34\x1f\x38\x7a\x84\x61\x72\xbc\xd8\xea\xf9\x65\xcb\
\x96\x81\x31\x01\x5e\xe2\x1c\x34\x2c\x0d\xab\x22\xa2\xe0\xde\xfa\
\xcb\xbf\xfa\xab\xca\x95\x2d\x6f\xac\xf3\x71\xe1\x82\xb8\x4f\xde\
\xe3\xe2\x7b\x2f\x51\x1c\x9a\x73\xe9\xff\x11\xd0\x66\xc1\x09\x2f\
\x02\x3d\xcd\x1e\xb5\x70\xb7\x35\x7c\x69\xf8\xf5\x35\x6b\xd6\xb0\
\x70\xe1\x42\xac\x9f\x32\xf8\xfe\x29\x11\xde\x59\x48\xa4\xa8\xc4\
\x56\x56\x75\xc8\xcc\x57\xf0\x20\xb5\xe6\xbf\x9e\x6f\x30\x80\x9a\
\x33\x49\x24\x4b\x08\xcb\x57\xae\x58\xb1\xe9\x08\x87\x6e\x51\x16\
\x2d\x3a\x0f\x87\x0a\x70\x14\x4e\xdd\xe0\xec\x2b\x7f\xac\x4c\x3e\
\x6a\x4b\x6b\x93\xe0\x41\x22\x71\x6a\x6c\xc4\x6a\x9e\x17\xa2\x68\
\x2d\x61\x91\x6f\x7c\xfd\xeb\x15\x6f\xe0\x4a\xb9\x24\x68\xd7\xb0\
\x7b\xdf\x8b\x4f\x89\xb0\xf8\xee\x7f\xfe\xda\xd7\x87\xf0\x9d\x84\
\xc8\xe3\x2a\x69\x01\x66\xa0\x84\xb2\x2c\x9d\xad\xbd\x78\xdf\xfd\
\xf7\xb3\xf0\x63\x1f\x87\xf6\xb6\x19\x91\xe8\x9f\x22\xf6\x6c\x54\
\x14\xa9\x46\x68\x15\xc4\x54\x62\x00\x8b\x0c\xa1\xd9\x0d\xe3\x36\
\x83\x4f\xc6\xf7\x38\x30\x1e\x2a\xe7\xd3\xd6\xb6\x28\xe8\xee\xe6\
\xf4\x05\x0b\x8e\x00\xba\x51\x59\xb9\x72\x25\xe1\x40\x34\x1b\x48\
\x62\x74\xb8\x75\xde\xa1\xfb\xf6\x14\x33\xe9\x74\x73\xba\xe2\xb5\
\x81\xe3\x94\x32\xa0\xab\x7b\x55\x30\xb2\xb6\xc6\xfa\x18\x03\x9e\
\xcc\x01\x0c\x6a\xe5\x3d\x7e\xdd\x92\x5f\x28\xf6\xfd\xa8\xec\x2d\
\xda\x0c\x18\x01\x23\x7c\x71\x14\xcf\x66\x22\xe1\x77\x33\x7e\x58\
\x4b\x37\xbe\x74\xf5\xd5\xe0\xf9\xf3\x88\xf8\x44\x99\x52\x46\x88\
\xd3\x5a\x83\x5b\x85\x58\xd1\xf2\xf4\xd2\x21\x6b\x6d\x86\x39\xf3\
\xc1\x5e\x19\xba\x47\x81\x08\xc7\x89\x58\xfb\x6f\x37\x6d\xdd\x7a\
\x04\xd0\xf5\xca\xff\xfe\xbb\xbf\x8b\xad\xab\x3f\x08\x46\x23\x35\
\x1e\xd6\xb8\xd5\x68\xa9\xca\x9a\x34\x28\x85\x70\xda\x88\x6b\xb1\
\xad\xef\x33\x6a\xf3\x77\xdd\x75\x57\xd9\xe0\x58\x90\x04\x38\x39\
\x09\xd0\x61\x13\x68\x6c\x0c\x6e\x3c\x6a\x56\xe4\xb6\x96\x90\xca\
\xd3\xbb\xbe\x1a\xa0\xc2\x1c\x94\x4b\x47\xf1\xfc\x2b\xed\x1e\xef\
\xe4\x5d\xf5\x64\xee\x04\xdb\x3e\x95\xb0\x74\xde\x08\x1c\xd5\x6b\
\xa3\x53\x6d\x78\x5d\x46\xf1\x82\x82\x23\xd2\x93\xc4\x4f\x05\xcd\
\x02\xeb\x0f\x2d\xa0\x6f\xfc\xee\x77\x91\x8e\x64\x1b\xe8\xb4\x91\
\xbd\x28\x79\x63\x12\x3b\x46\xc7\x4b\x65\xd6\x48\x53\x03\x08\xfd\
\x2e\xcc\x96\xae\xb8\xe2\x8a\x58\x4d\x48\xb5\x41\x44\x17\x42\xcc\
\x9d\xd5\x0d\x3a\xd9\x56\x9f\x21\xd2\x50\xc3\x45\x47\xf5\xec\xe0\
\xc7\x23\x2a\xd6\x78\x8b\x64\x0f\xa0\x2c\xac\x25\xb4\xf5\x8b\x83\
\xff\x93\x0f\x87\x2b\x19\xa6\x13\xab\x4b\x91\x3a\x33\x53\x2a\xff\
\x35\x31\xfd\xc6\x62\xc4\x47\xf0\xca\x71\xdb\xd0\xc7\x88\x87\x96\
\xef\x01\x53\xb1\x20\xc6\x48\x9d\x49\xe2\x94\x52\x70\x98\x83\xc2\
\xf7\x6f\xd1\x4c\x74\x2c\x82\xe2\x06\x83\x90\xc1\xc1\x70\xfb\x3c\
\x4b\xb4\xbf\x85\x02\xe4\x77\x76\x9a\x52\xa1\x78\x74\xdc\xd9\x5a\
\xc5\x13\x55\xb0\x8c\xf4\x8d\x29\x99\x4c\xde\xbd\xc1\x68\xc9\x86\
\x48\x37\x86\xd9\xb5\x9c\x14\x50\x72\x44\xba\x1e\x19\x75\x4d\x1e\
\x48\xff\xd2\xa5\x17\x0d\xb5\xbd\xad\x5d\x54\x73\x9f\x1b\x05\xa0\
\xd3\x93\x03\x1e\x28\x14\x62\xc7\xf3\xa5\x2f\x95\xe3\xc2\xa4\x77\
\x26\xaa\xb6\xc6\x16\x88\x01\x75\x02\x9a\x03\xb3\x11\xdc\x6e\x8a\
\x85\xfd\x12\x1c\x57\xd0\xfc\xce\x88\x28\x0b\x6d\x01\x58\x2f\x66\
\x12\xfe\x01\x3a\xfa\x21\x93\xb0\x09\x2d\xb6\x27\x48\x16\x53\xc0\
\x54\xb0\xf3\x70\xae\xbb\xbe\x47\x74\xfe\xfb\x01\xd0\x83\x33\xb5\
\x9e\x3f\x31\x0b\xa7\x16\xf8\xf4\x82\xfa\x13\x2f\xfb\x0e\x3c\xd3\
\x7b\xf0\xa5\xc5\x0e\x8b\xa4\x89\x8e\x89\xdd\x7f\xc5\xb2\xc4\x90\
\x16\xbb\xbb\x98\xc9\xba\x66\xcf\x9f\x7f\xfe\x85\x38\xe7\x0c\x2a\
\x53\x88\x22\xc5\x96\x2d\x4a\xec\xd5\x3d\xc9\xe5\xb7\x54\xbf\xec\
\x7f\xbd\xe9\x26\x7e\x78\xcb\x2d\x5b\x80\x2d\xa3\x03\xb3\x01\xcf\
\x3b\xaf\x8e\x13\xb5\x60\x57\xa3\xa5\x55\xb8\xe2\xa8\xdf\x77\xe9\
\xd2\x8b\x79\xe8\xa1\x07\x63\x09\xee\x6f\xce\xe0\xc7\xc7\xff\x99\
\x7e\x6b\xfd\x9d\xe7\x8c\xe2\xd1\x47\x07\x32\xa4\x3b\xe7\x5d\x4b\
\x16\xb8\xef\xbe\xfb\x00\x02\x54\xe7\x12\xe1\xb0\xd5\x13\xcd\x09\
\x4e\x37\x8b\xb8\x57\xb4\x54\xc8\x0f\x19\x8e\x8d\x55\x22\x6d\xed\
\x58\xa6\x01\x8a\x51\x11\xd2\x45\x0a\xa4\x81\x3d\x92\x68\xdf\xa6\
\xf0\x69\xd4\x7a\x48\x54\x8b\x19\x13\xe5\x0f\x2f\xa0\xc5\x81\x67\
\x57\xc5\x23\x34\xb2\xcc\x4c\xaa\xd7\xd5\x16\x7e\xb2\x01\x73\xb2\
\xc9\x39\xf2\x54\x10\x04\xc5\x83\xa9\x97\x7f\xf5\x1b\xdf\x20\xeb\
\x25\x7c\x54\xbb\x87\x49\x48\x82\x22\x44\x76\x5b\xab\x3a\x5e\x7b\
\xed\x4d\x30\xfe\x5c\x3c\xf5\xf1\x4d\x58\x15\xfb\x18\xc4\x6c\x55\
\x2f\x19\x3e\x78\xdf\xbf\x54\x2e\x7e\xef\xc6\x1b\xf9\xde\x8d\x37\
\x8e\x5e\x1b\x57\x07\x2a\x73\x6b\xac\xb3\x43\x31\x88\x4c\xeb\x5c\
\xaf\x3b\x76\x32\xde\x3e\x89\x4a\x1b\xf9\xe6\xba\x8d\x17\x21\xcc\
\x6b\xe5\xc4\x44\x78\x50\x81\xec\x95\x7f\x1b\x1b\x73\x2f\x01\xc2\
\xc7\x07\xa7\xd6\x30\xa2\x91\xee\x0a\xaf\x7c\xae\x9f\x9f\x8d\xbb\
\x6d\xdf\xfa\xf6\xb7\xb9\xe3\x9f\xfe\x49\x51\x31\xb5\x60\x1e\xb4\
\x35\x26\xab\x87\x13\xd0\x1f\xff\xd8\xc7\x78\xf1\x85\x17\xd6\x34\
\xfa\xfe\x8c\x63\x34\x28\x29\x4b\x6b\x54\x82\x2a\x99\xb8\x24\xfa\
\xdc\x9c\x39\x14\x0f\x66\x9b\xee\xba\xe7\x6e\x48\xb6\x77\x92\x2f\
\x76\xd4\x84\xe1\x0e\x41\x35\x07\x03\xfb\x9a\x3d\xff\xe3\xdb\x6e\
\x83\x84\x07\xc2\xc9\x28\x11\x6e\x98\x37\x0a\x0b\xab\x89\x22\x2e\
\xbe\xf8\xe2\x71\xb6\xd0\x83\x44\xdb\x5c\x08\x7d\x84\xb0\x02\x69\
\x83\xa0\xba\x53\x77\xee\x29\x7e\xf3\x5b\x37\x8c\xab\xe6\x54\x0a\
\x4a\xb1\x7a\x76\xf5\x28\xe2\xcb\x3e\x94\xe5\xfe\xa4\xf3\xca\x13\
\x2d\x05\x6d\x3d\x01\x2e\x3b\x13\x8c\xab\x51\x30\x14\x05\x7d\xa6\
\x9f\x9f\xf1\xc0\x03\x0f\x8e\x7b\x6c\xfe\xe1\xef\x7f\x0a\x6d\xed\
\x3d\x44\xea\x0d\xc3\x84\xe0\xb4\x5f\x23\xcd\x35\x9b\x2c\x87\x1c\
\xd0\x4f\x3d\xf1\x44\xd3\xef\x2f\x5b\xd0\x61\x90\x8a\x06\x7c\x70\
\x62\xfa\x96\x02\x96\x01\x17\x1e\x5f\xc3\x1e\xa3\x38\x74\x41\xec\
\x3a\xc2\x04\x99\xcc\xfe\x86\x8f\xff\xb7\x9b\x6e\x82\xc9\xdd\x01\
\xd9\xdc\x54\x60\x28\x5c\x8a\x9c\x62\x4c\xd6\x7a\xed\xbb\x17\x2f\
\x3e\x6b\xfc\xed\xf3\x3d\x10\x77\x02\xaa\x51\x2c\x93\x57\x0d\xaa\
\xea\x16\x5c\xc4\x0f\x6f\xbe\x79\x5c\x55\xaf\xb9\x2e\xe0\xe4\x59\
\xd0\xef\x98\x8b\xf2\x4c\x8b\xdb\x37\x77\xbe\xc1\xd6\xec\x7d\x55\
\x63\x18\x66\xe6\x62\xc4\xc5\x8b\xe1\x55\x12\x90\xc8\x7e\x6b\x93\
\x03\x07\xfa\x7a\xc7\xfd\xda\x9b\x36\x6d\x8a\x95\xa0\x90\x8f\x20\
\xe5\xb5\x45\x37\x28\x1b\x19\x83\x98\xcd\x44\x61\x2b\x53\xf0\xe1\
\x2a\x41\x10\xc0\xe4\x29\x90\x4d\x1f\x5f\x63\x65\x6c\x3c\x7f\x24\
\x21\x6b\xb5\x38\x0a\x87\x30\x90\x3b\x16\x4b\x84\xd3\x21\xc5\xcf\
\x1a\x41\x65\x9f\x67\x92\xee\xd1\x47\x1f\x1d\x3f\x4b\x93\xb0\x4d\
\xd5\xeb\xa1\x4a\x66\x1b\x84\x13\xd6\xec\xb9\xe6\x8b\xd7\x8c\xbb\
\xee\x93\xef\xcc\xc0\x2d\x27\x83\x7b\x67\xc9\x68\xee\x7f\xfe\x4c\
\xf8\xe8\xa0\xbb\xec\xea\x34\xc5\x7c\x71\x16\x0a\x38\x91\xaa\x40\
\x5a\x70\xba\x33\x2a\xf6\x87\x13\x19\x9b\xd3\x4f\x3f\x1d\x4e\x3a\
\x0b\x36\xad\x9a\x0d\xe5\x60\x7d\x48\x36\x51\x53\xf2\x56\x3b\xb2\
\x47\x00\x3d\xa2\xe4\x06\x66\x81\x78\x75\x68\xce\xde\xc0\xf3\x0b\
\xbb\x5b\xf0\xbf\x94\x6f\x25\x2b\x7a\x0c\x88\x62\xa5\xd6\x8f\xb8\
\x68\x67\x21\xb7\xcf\x4d\x68\xc2\x79\x6d\x93\x31\x75\xc7\xa6\x68\
\x0a\xf9\xfe\xdb\x6f\xbf\xbd\x35\xb5\x78\xe0\x26\xfa\x56\xdf\x36\
\x42\x46\xef\xaf\xe7\x06\x15\x26\xff\xcf\x0c\xd9\x3a\x58\x19\x04\
\xf3\x53\x4f\x3d\x45\x94\x8f\x0c\x8e\xc9\x15\x41\x6e\x90\x6a\x08\
\x06\x4f\xb7\x10\x4e\x74\x60\x3c\xd8\xb4\x6e\x6e\xb9\x43\x5d\x0d\
\x3d\x57\xd9\xe5\x38\x50\x6a\xc5\xcd\x3f\x7c\x80\x16\xc0\x99\xe3\
\x62\x9a\xe3\xaa\x2e\x2a\x88\xd9\x35\xe7\xd8\x63\x9b\xd2\x9c\x2b\
\xbe\xf8\x45\xf2\x62\x7c\x90\xae\x1a\x52\x14\x5b\x2a\x43\x2a\xb1\
\x9d\x81\x89\x50\x7e\x1f\x8c\x9d\x09\x51\x95\x2a\x24\x80\x1a\x90\
\x1d\x4e\xbc\x51\xc1\xe6\xc0\xda\xdb\x10\xc3\x22\xe0\xd2\x06\xf1\
\x49\x95\x47\xe0\xc9\xbe\xef\x07\xcb\x13\xdf\x6f\x0c\x96\xcf\x7c\
\xe6\x33\x20\xd2\x89\x9f\x0c\x10\x09\x87\x72\x34\x54\xc0\x84\xf8\
\xf9\xbd\xe4\x27\x3a\x38\x21\xb8\x62\x16\x78\x62\x84\x9c\xe8\xc2\
\xec\x28\xa7\xc4\x87\xab\x98\x54\x8f\xef\x4a\xb9\xee\x98\x5f\x94\
\x21\xa3\x0e\x44\x94\x48\x77\xad\x5a\xb9\xb2\xb9\x86\xf5\xf4\xd3\
\x90\xea\xe8\x22\x9b\x9b\x54\xc3\x9f\x05\x01\xc9\x90\x2b\xf5\x4d\
\x48\x91\xf1\x0c\x88\xce\x41\x51\x9c\xd3\x78\x81\xc1\x00\x91\xa5\
\xc8\x5a\x46\x69\x06\x9f\xfd\x57\x58\xb2\x98\xef\x0a\x5c\xd6\x9a\
\xe2\xf0\x44\x4b\x35\xda\xb6\x83\x67\x67\xa2\xa1\x0e\x2d\x4b\x03\
\x22\x82\xd3\xbd\xa4\x7d\x32\x99\xbe\x09\x8d\x4d\xb9\xdf\xf6\x4c\
\xd0\xc6\x8f\x2c\xe7\x9e\xbb\x98\x15\x2b\x56\x80\xd1\xfa\x61\x99\
\x08\x38\xc7\x92\x59\x60\xdb\x18\x16\xb7\x0c\x95\x6d\x05\x38\x61\
\xc6\xf1\xe4\x7a\x37\x34\xb1\x47\x12\x29\xf8\x0d\xac\x88\x17\x41\
\x34\xc7\xa7\xbe\x4e\xad\xd0\x35\xfd\x74\x7e\xfe\xe4\xcb\xa3\x7a\
\xd9\x4b\x2e\xbd\x14\x57\xcc\x26\x11\x3a\xe2\x77\xd0\xf2\x7a\x96\
\x80\x22\x12\xea\xae\x66\xe6\x79\xe5\xca\x95\x70\x20\x0b\xd6\x9e\
\x88\x95\xe1\xb4\xc2\x40\xb4\x06\x37\x7e\xbf\x1b\x04\x01\xb4\x25\
\x26\xe1\xdc\x51\x18\x5b\xac\xbc\xa4\x38\xc1\x91\xc6\xb8\x7d\x4b\
\xce\x3b\xbf\x65\x3d\x6d\x77\x5f\xc9\x85\x8b\x99\xee\x60\xd1\x28\
\xc0\xbc\xf9\xe7\x3a\xed\xa5\xcf\xe5\xf7\xd0\x74\xc5\xc2\x15\x21\
\xb2\x93\x31\xc3\x56\x06\x05\xb0\x26\x40\xca\xed\xb7\x16\xa2\x88\
\xc3\x95\xdf\x5e\x17\xd0\x2b\x56\xac\x00\x92\xc7\xe0\x45\x93\xeb\
\x2a\x0d\x22\x45\xaf\xa3\xe3\x6d\xaf\xbd\x37\xa1\xa2\xa7\x49\x7d\
\xd8\xdb\x64\x07\x2b\xd2\xbd\x1b\x8a\x9e\xf0\x6f\x46\xa8\x96\x15\
\x27\xa3\x18\x78\x4c\xea\xaf\x58\x69\x87\xe3\x94\x86\xd6\x43\x28\
\xf6\xed\xfa\xfd\x5b\xa3\x7d\xd9\xe7\x5f\x78\x1e\xfc\xe4\x6c\x9c\
\x7a\xa8\xba\x18\xcc\x16\x5c\x64\x70\x6c\x56\x71\x61\x26\xdd\x78\
\x20\x16\x2d\x5a\x04\x1d\x5d\x50\x2c\x9c\x08\x26\x1c\x9e\x2a\xe6\
\xf9\xc9\xd5\x61\xb1\x38\xb1\xe1\x08\xcd\x29\x18\x4a\x94\x22\x1d\
\x0c\x54\x51\x05\xc3\xdb\x84\x25\x1e\x7b\xec\xd7\x2d\x6b\xc9\xf7\
\xfe\x5f\x9c\x70\x3c\x4a\xcb\x14\x55\x07\xf7\x7e\x5e\xf6\xc4\x1c\
\x3a\x6a\xe1\x39\xac\x69\xc7\x0d\x5f\xb5\x54\x05\x17\xe0\xb8\x00\
\x64\x2d\x3d\x3d\x7d\xf4\xf6\xe7\x82\xa0\x03\x8c\x07\x1a\x56\x59\
\x3c\x37\xdc\x1a\xbf\x37\x80\x26\xe1\x81\x65\x1e\x91\x39\xa1\xae\
\xe5\x54\x39\xe0\xb2\x6e\x33\x3d\xb4\x0b\x2c\xa1\x3e\x18\x13\xb3\
\x8a\x6c\x08\x85\x5e\xe0\x3c\x20\xd9\x88\xee\xa9\x72\x67\x23\xba\
\x6b\xe1\x3a\x27\x74\x35\x90\xf0\x06\xa6\x84\x8c\x0a\xd0\xd7\x5e\
\x7b\x2d\xa8\x85\x88\x13\x2a\x74\x03\x20\x8c\xc0\xe0\x61\xdd\x1f\
\x18\x9e\xce\x5c\xaf\x14\x0b\xb3\x6b\xda\xa2\x65\xf5\x4a\x75\x4f\
\xbb\xe7\xbb\x5d\x13\x18\xa8\xa3\x8e\x09\xd9\xb7\xc7\x9f\x87\x6a\
\xd5\x0a\x9c\x29\x87\x5e\xba\xb5\x9c\xff\xd1\x5a\x95\xcc\x01\xc2\
\x7f\x00\x12\xad\xe2\x09\x07\xf7\x28\x34\x07\x33\x40\xa8\xa0\xe4\
\x31\x35\x49\x9e\x43\x43\x6f\x99\x83\x4d\xce\xa3\x7f\x40\x10\x71\
\x78\x89\x02\xd6\x16\xc0\xcb\xa3\x92\x07\xc9\x63\x5c\x9e\xc8\xe4\
\x91\x28\x1f\x74\x76\x17\xc1\x84\x18\x5b\x90\xb0\x54\xb8\xce\x15\
\x32\x77\x24\x53\x50\xcc\x4d\x08\xec\x5e\xf3\xc9\x4b\x58\x1b\x6d\
\xd6\xa8\xb6\x55\x4c\xbe\x2e\xa0\xab\x77\xf5\x84\x8d\x2c\xf4\x60\
\x5d\xbf\xfa\xdd\xc8\x97\xb8\xec\x8c\x00\x84\x08\x28\x35\xec\xe6\
\x51\x66\x33\xfc\xe2\x17\xbf\x00\x08\xf0\xec\x94\x4a\x7d\xce\xc5\
\x29\x9d\x30\x40\xa1\x38\x8a\x2d\x33\x16\x90\xe3\x40\xa3\x4a\xb7\
\x0c\xca\x08\x09\x7f\xcf\x29\x8b\xce\x99\x90\x6e\xbe\x6f\x7f\x6a\
\x0a\x38\x5b\xa7\x37\x73\x62\xe5\x40\x7a\x94\x03\x5d\x6e\x52\x42\
\x95\x5f\x01\x11\xc2\xd9\xc0\xac\x3a\x94\xed\x4d\x9f\xc4\x86\xc4\
\xf4\xcf\x10\x8d\xe6\xd5\x7d\xd9\x46\xa4\xc7\x13\xb9\xa8\xb2\xd4\
\x5f\x8b\x17\x17\x4b\xc6\x02\xc6\x7a\xb8\xc8\x02\xa9\x32\x0c\x24\
\xde\xa8\x12\x0d\x4a\x9c\xe5\xb5\x87\x48\xd5\x37\xee\x8e\x64\xbb\
\x43\xec\x26\xbf\xd3\x7f\x3d\x08\x02\x77\xf9\xe5\x9f\xe3\xee\xbb\
\xff\x79\xec\x31\xd2\x87\x2a\x22\xf4\xfd\x5a\x8f\x63\xbd\xf2\xa0\
\xe8\x8e\xd1\xb8\x41\x63\x5c\x02\x75\x93\xa9\x96\x37\xa4\x6c\x41\
\xf3\xc5\xed\xaf\x3c\xfe\xf8\xc4\xf8\x73\x21\x9a\x5a\x7f\x4c\x64\
\x40\x9d\x19\xb5\x86\x20\xe6\x28\x01\xbe\x0c\xfc\x71\x57\x8a\x3f\
\x11\x61\x77\x83\x5b\x5f\x40\xdb\x34\xfa\xf2\x5d\x2d\xeb\x3c\x63\
\xfe\x7c\x12\x05\xb6\xa0\xa4\x63\xbd\x5d\x9b\x23\xca\x55\x2d\x5b\
\x3b\xd5\xb2\x57\x54\x9c\x73\x15\x4d\xc8\xa9\x0c\x4e\x15\x20\x89\
\x46\xa7\x95\xb2\xe6\xf3\xd8\xf6\xe3\x96\x2d\x7b\x95\x1f\xfc\xe0\
\x07\x47\x00\xdd\xa8\x24\x38\xda\x20\x76\x76\x8d\xc7\x51\x57\xee\
\x68\xbb\xbd\xd5\xf3\x8b\xcf\x3f\x1f\xf5\xfc\x38\xa0\x34\x66\x88\
\xf2\x3b\xa7\x80\x24\xa3\xc2\xae\x89\x4b\x30\xe6\x98\xba\xb6\x51\
\xfc\x8d\x14\x4a\xa3\xae\xc6\x7e\x77\xab\x7a\xdf\xcb\x60\xbc\x79\
\x0c\x14\x98\xa9\xca\xdc\xba\x1e\xd8\xf1\xab\x5c\xfe\xc0\xa8\xbc\
\xca\xf2\xe7\x9f\x67\xfe\x59\xa7\x3a\x8c\xff\x62\x1c\xcb\x8b\xd4\
\xc8\x96\x42\x9c\xf2\xa9\x66\xa4\x7f\x31\x55\xf7\x56\xa7\x85\x9a\
\x61\x2a\xb9\x23\xc2\x88\xc5\xea\x22\xbc\x1d\x47\xff\xe8\x47\x3f\
\x3a\x02\xe8\x7a\xe5\x96\x5b\x6e\xa1\x94\x48\x07\xb1\xfb\x1b\xd1\
\xdf\x4e\x54\xf6\xb6\xb2\xce\x6f\xbc\xf9\x3b\xd4\x78\x73\x40\x2c\
\x25\xa7\x15\xca\x22\x58\x44\x37\x17\xac\xd5\xf1\x72\xbf\x20\x08\
\x48\x80\x01\x9d\x31\x34\x22\x43\xdb\x93\xfc\xc2\x81\x8d\x8d\x59\
\x57\x13\xce\x18\xbe\x8d\x8b\xf8\x14\xf5\xb7\x58\xe5\x22\xe1\xf5\
\xdc\xd6\xd1\xd7\xf7\x1f\xff\xfc\x3f\x41\x14\x6e\x27\xe9\xdd\x8f\
\xb2\x13\x28\x94\xbb\xd3\xa0\x48\xdc\x1f\x6e\x08\x56\x11\xc3\x98\
\xa6\x0c\x39\x37\x6d\x8a\x46\x83\x30\x1f\x64\xcc\x7c\xfa\x43\x01\
\xe8\x5b\x6f\xbd\x15\x75\xa5\x9e\xd8\xad\x8d\x08\xe8\x32\x6a\xed\
\x40\xb3\xe7\xaf\xba\xea\xaa\x38\x52\x77\x9c\x00\xaa\x95\x31\xf2\
\x4c\x9c\x3c\x1f\x86\xab\x88\xa2\x09\xb5\xb1\xe8\x79\xc7\x01\x96\
\xd0\x69\xcd\xb0\xaa\x6c\x29\x89\xaf\x3f\xf9\xc9\x4f\xc6\x16\x1c\
\xfd\xe4\x13\x18\x01\x31\x7c\xb6\xee\x0d\xca\x83\x02\xfb\xfa\xff\
\x61\xf4\x80\xb9\xea\xaa\xcf\x73\xe9\xc5\x17\xc2\x40\xba\xbf\xbb\
\x94\xff\x8d\x24\xec\xaf\x81\xa7\x70\xe6\x65\x9c\xac\x46\x65\x1b\
\x86\x7d\x88\x66\xe3\x55\x54\x12\x10\x25\xca\x94\xc2\x8b\xa3\xf2\
\xc1\x44\xfe\x26\xca\xb7\x53\x87\x98\x63\x08\xba\x98\x36\x6d\xda\
\x41\x0b\x0a\x07\xa7\x94\x34\xb8\xde\xf2\x1e\x6d\xfc\xcc\x88\x72\
\xe9\x29\x41\x1d\xca\x0b\xd2\xb8\xfe\x96\x75\x02\xe4\x72\xb9\x98\
\xe7\x1a\x99\x3b\x04\xe2\x72\x97\x3a\xf1\x70\xb2\x8e\x42\xae\x69\
\x1d\x8f\x3c\xf2\x08\x40\x27\x98\x6e\xe2\x7d\x59\x43\x16\xc8\x48\
\x3f\x51\xd4\x7b\xf9\xe5\x97\x8f\x1f\xcd\x62\x40\x6d\xbc\x15\xac\
\xe2\x92\xcb\x81\x54\xc2\x6c\x40\x1d\xd7\x5d\x77\xdd\x98\xaa\x2c\
\x65\x5e\xc6\x87\x99\x05\x53\x7f\x8b\x95\xc2\xbd\x02\x1c\x9f\x1c\
\x5b\x53\x97\xc5\xf9\xd0\x83\x0d\x4c\x07\x41\x90\x06\xb3\xab\xa2\
\x49\xa1\xf1\xa2\xa6\x2a\x24\x93\x90\x1d\x68\x83\x44\x0a\x24\x20\
\xe1\x02\x9c\x97\x42\x5d\x07\x68\x0a\x6b\x26\x31\xb4\x7b\x65\x38\
\x45\xb1\x64\xfa\x3c\x18\xdb\x82\x7a\x7d\x40\x17\x8b\xe0\xfb\x7b\
\x90\x04\xf5\x9d\x83\xe6\x24\x2a\x38\x51\x0a\x08\xab\xb5\x3e\xb0\
\xac\x6f\x29\x3a\x07\x0a\xeb\xca\xb3\xb4\xbe\x14\x2d\x9c\xec\x25\
\x47\xd6\xa1\xa0\xa2\x6c\x6a\xf2\x6c\x2e\xd7\x02\xd2\x53\xa6\x4c\
\x81\x53\xcf\x85\x0d\xaf\xcf\x29\xef\x4c\x29\xf3\x39\x2b\xb8\xd0\
\xd9\xa9\xa9\x75\xd1\xce\xbd\xad\x43\x7c\x6b\xcb\x01\xa5\x0c\xc5\
\xf4\x06\xc5\xc9\x76\x80\xbb\xef\xbe\x7b\xfc\xc1\xa0\xd7\xd5\x81\
\x29\x74\x21\x65\xff\xa1\x95\x44\xb6\x9c\xe4\x4b\xfb\x2e\xb9\xe4\
\x92\x31\xd7\x5b\x12\x28\x09\x97\x35\xe8\x9e\x2d\x93\xb1\xbf\x29\
\x44\x11\x13\xf3\x2b\x8d\x03\x69\xe7\x1c\x93\x26\x4d\x02\xc8\x43\
\x31\x0f\xf4\x0e\x25\x01\x97\x39\xc7\xa4\x4e\x18\xe8\x9d\x8a\x4d\
\xfc\x7b\x90\xd2\xb0\x3c\x02\xe1\x8c\xf9\xca\xef\x57\x4d\xdc\x42\
\x7f\xf6\xb3\x9f\xe5\x81\x07\x1e\x58\x07\x6e\x5d\x83\x1d\x8f\x44\
\x40\x7a\x03\x99\xd4\x5c\x9e\x6c\x64\x27\xc3\x1d\x30\xf3\x8f\x96\
\xb0\x6d\xf5\x73\x4f\x37\x6c\x80\x95\x0e\x27\x7a\xbd\x36\xc8\x87\
\x1e\xb0\xdc\xee\x85\xa4\x13\x0d\x24\xd8\x59\x67\xfd\xbb\x96\xe1\
\x20\x1b\xde\x9a\x07\x58\x3c\xc2\xb2\xb8\x04\x26\x52\x3c\xb3\x33\
\x7a\xb7\x2f\x6a\x9d\xf0\x32\xcd\x84\x76\x7f\x39\xa0\x94\x6a\xb2\
\xa6\xb8\x68\xfb\x93\x4f\x3e\x39\x31\x54\xd8\x70\x7a\xed\xbe\xc1\
\x8a\xe2\x99\xf6\xba\x27\xe5\xef\x1f\xb2\x8a\xa3\x2e\xf9\x5e\x6b\
\xdb\xa7\x44\x57\x34\x48\xc0\x7d\xbe\x8f\x28\x4a\xdc\x94\x69\x3a\
\xd1\x26\x77\x75\x89\x0c\x8b\xdb\x54\x1d\xa9\xa0\x43\x77\xec\xd8\
\xd1\x94\xdf\x1a\x63\x5a\xf2\xdf\xf2\x66\xd7\x1c\x96\x61\x6b\x73\
\x1e\xe0\xf2\xac\x5e\x1f\xfd\xe6\xe9\xa7\x27\x0e\xe8\x7b\xee\xb9\
\x87\x7b\xee\xb9\xe7\x3d\xe1\xb7\x97\x2d\xe8\x10\x06\xf7\x49\xd7\
\x71\x05\x02\xb2\x2d\x84\x3f\xfc\x61\x9c\x62\x7b\xd2\x02\xa5\x13\
\x6b\x12\xf1\x07\x8f\x19\x50\xb6\x10\x36\xf7\x68\x57\x5f\x7d\x35\
\x51\x5b\xba\x03\x27\x6d\x75\x9a\xe8\x24\x91\xe8\x3d\xf7\xdc\x73\
\xc7\xfd\xfe\xd3\x66\x4c\x67\xcf\xbe\xfd\x33\x62\x72\x25\x43\x94\
\x48\x31\x60\xb7\x97\xf6\xf6\x8d\x39\x73\xcf\xff\xdb\x8b\x48\xf5\
\x44\xd3\x55\x39\xbd\xce\xd7\x91\x53\x1e\x2e\x15\x1a\xaf\xba\x04\
\x41\x40\xfb\x92\x45\xd2\xb7\xfc\xf5\x25\x43\xc2\x71\x85\x1f\x45\
\xfd\xfd\x3b\x5e\x1d\x2b\x15\x68\x3c\x99\xcd\x34\x28\xaf\x3f\x56\
\xe6\x4e\x24\x28\x7b\x09\x23\x16\x9d\x7d\xf6\x41\xe5\xd0\xff\xdf\
\x17\x11\xd7\xae\x4e\x3a\x87\x28\x7d\x05\x94\x25\xa2\x52\x4b\x75\
\xe3\xfe\xfb\xef\x07\x2f\x71\x14\xc6\x24\x89\x88\x18\x5a\xf6\x10\
\x70\x07\xb4\x98\x4d\x8f\xb7\x6d\xbb\x77\xef\x26\x9d\x29\x08\x2a\
\x47\xc7\xb5\x96\x11\x1d\x6b\xbc\x86\x62\xe6\xed\xf1\xd4\x5b\x4a\
\x2f\x07\xc3\x7c\xa0\xde\x46\xd3\xa2\x11\xde\xe8\xba\x39\x43\xa4\
\x8d\x29\x56\xee\xa5\xdf\xcf\x46\xcc\xbc\x91\xc0\x95\x5d\x0a\xe1\
\x41\x59\xba\xb6\x09\xb0\x76\x3e\x68\x84\xb5\x52\xa3\x5d\x1b\xb6\
\x8f\x67\xce\x7c\xa0\x55\x8e\x07\x1f\x79\x04\x8d\x64\x32\x15\x63\
\x54\x33\x82\x25\x1b\xb4\x35\x4d\x0f\xbb\xfd\xf6\xdb\x41\x2c\x88\
\xcc\x03\x14\xaf\x7c\x38\x4c\x2c\x44\x58\x60\x35\x6e\xdc\xa9\xcf\
\xcc\x9b\x37\x8f\x6c\x2e\xdd\x83\xd0\x15\xfb\xa8\xb2\xc2\xa1\x08\
\x2a\x7d\x18\x7f\xe0\x0b\x5f\xf8\xc2\x98\xea\x4c\xfd\xf3\x75\x94\
\xe2\x69\x71\x05\x75\x56\x67\x05\x5e\xdb\x9b\x61\x63\xd4\x4c\x7d\
\x6e\x4b\x02\xc5\x13\xe3\x98\x61\x90\xd4\xab\x96\xa3\x9a\x1d\x07\
\x6b\x7c\x6c\xa4\x06\x34\x55\xa6\x6e\x5a\x13\x3e\x75\x76\xed\x1c\
\x4f\xdf\x7e\xa0\x01\xfd\x67\x57\x5d\x05\x86\x59\xf1\x7b\x6a\xed\
\x7b\x3b\xde\x89\xfa\xf3\x4d\x7b\xec\x3b\xdf\xf9\x0e\xcc\x98\x05\
\x22\x73\x00\x45\xa3\xc1\x28\x1c\x10\x47\x31\xdc\xd8\x70\xc5\x6c\
\x54\xdc\xc0\x07\x6b\x4f\x03\xc2\x9a\x91\x10\x0c\x11\x6b\x70\xca\
\x9d\x77\xde\x39\xa6\x2a\x73\xdb\x7e\xce\x9d\x29\x40\xf8\x64\xbd\
\xef\x23\xb8\xb7\x27\x68\x25\x6d\x45\xc9\x72\xbe\xb7\xc6\xc1\xa9\
\x48\xbc\x90\x22\x0e\x65\xef\xc1\xb1\xce\x96\xc8\xda\x29\xf5\x31\
\x28\x39\x19\x28\xa4\x33\xf9\xfc\x11\x40\x0f\x05\xb6\x97\x83\xf8\
\xa0\xcc\xa9\x31\xcd\x52\xa6\x5a\x5e\xfb\x9a\x96\x5b\x16\x45\xa0\
\x77\xcf\xf1\x75\xf8\xbd\xe0\xdc\x3b\xa0\x4c\x68\x31\xa5\xbb\x24\
\x38\x3e\x82\x8c\x48\x45\x8d\xf0\x75\xd3\x39\xe7\x9c\x3d\xe6\x7a\
\x73\x02\x5f\xc9\xf0\xc7\xc0\x8c\x7a\xb1\xa2\x35\x2c\x33\x4d\x94\
\xa1\xaf\x7c\xe5\x5a\xc0\xb4\x33\x98\x4c\x56\x2d\x3c\x80\x13\xdf\
\xee\x3f\x18\xe3\x13\xb4\xb5\x41\xd2\x9b\x19\x6b\x45\x35\xa7\xe8\
\x08\x68\xbf\x6a\x98\x3b\x62\xa1\xab\xca\x13\x4f\x3c\x06\x9a\x98\
\x0c\x74\x55\x85\xde\x83\x8a\x51\x1f\xf9\xfd\xfd\xb4\x12\xad\xac\
\x07\xce\x9d\x5c\xc3\x23\x2b\x9b\x5c\x64\xcb\x44\xf7\xf0\x16\x7b\
\xdb\xe3\x73\x41\x54\x87\x0f\xc7\x7e\x6b\x6d\xf8\xcc\x33\xbf\x19\
\x3b\x50\x92\x60\x0d\x9f\x6b\x30\x3f\x9f\x46\xe9\xed\x98\x71\x55\
\xc3\xe7\x7f\xf9\xcb\x5f\xa2\xa1\xe9\x89\xe3\x2b\x37\x6c\x76\xbb\
\x9c\x86\x03\x13\xde\x81\x7f\xe1\x85\x7f\x14\x57\x5f\x2a\x7d\xa4\
\x52\xf5\xd0\xac\xb1\x18\x5d\x43\x61\x7c\xa1\xc9\x7b\x72\xe0\xb9\
\x78\xc9\x4e\x1a\x2c\x82\x9c\x7e\x94\x6d\x9f\xd6\x19\xf6\x37\x50\
\x39\x3c\x01\x17\x8e\x27\x9e\x36\x09\xb0\xae\xf6\x10\xc5\xd0\xc5\
\x3a\xb4\xe8\xc6\x66\x1a\x6a\x65\x08\x43\x2f\xa5\x09\x0d\xaa\x4e\
\x10\x1c\xc4\x5c\x49\x1c\xfb\x5e\x7b\xfd\xf5\x89\x75\x8e\x61\x26\
\xd5\x3b\x67\x86\x00\xd4\x1b\x65\x33\xe3\x52\x11\x72\x45\xa6\x8a\
\xd0\x48\xcb\x7c\xd4\x29\x14\xae\xf9\xc7\x26\x6d\x52\xb0\xd1\x64\
\x74\xb8\xbd\x53\xc1\xc9\x3e\xc2\x89\x43\xe6\x95\x57\x5f\x07\xeb\
\x1f\x87\x68\x37\x4a\xa9\xf6\x78\x33\x49\x13\xea\x3b\x8b\x97\x2c\
\x79\x7f\x02\x1a\xeb\xa3\x46\x2e\xa6\x81\x4a\xb4\x6a\xbf\x97\x5d\
\x30\x3b\xfc\xd9\xae\x7e\xa9\xdb\x96\x19\xc9\x99\xf9\x2f\xdf\xf0\
\x5f\xc6\xfe\x67\x8f\xea\xb0\x51\x7f\x76\x76\x9c\x5c\xa0\xd5\x06\
\xd0\x21\xb4\x3c\x48\xe6\x93\x9f\xfa\x14\x9a\x90\x2e\x50\xbf\x7c\
\x40\x37\x95\x75\x4b\xd5\xf0\xd4\x28\xdf\x77\xf2\xc9\x27\x8f\xbb\
\x5b\xbc\x54\xbb\x0d\x43\x37\x95\x1a\x09\xb6\xbc\x5d\xdf\xe8\xe6\
\xf1\xd4\xe9\xfe\xd7\x47\x31\xc2\x1c\x85\x7a\x87\xcb\xa7\x1d\x3c\
\xdb\xd6\xbd\x94\xa6\x8e\x5c\x3d\x50\x99\xd4\xc0\xfb\x48\x39\xdd\
\x76\xdc\xc6\x0d\x6b\x91\x20\xd9\xa9\x45\x77\x0e\x23\x13\x54\x0c\
\x09\xff\x35\x42\xc7\xe3\x8f\x3d\xf6\x3e\x05\x74\xec\x4e\x2c\x0d\
\xf2\xa1\x1d\x98\x7b\xdf\xf4\xc3\xcc\x81\xbe\xf0\x60\xfe\xd9\x28\
\x93\xef\xa1\xfe\x0a\x63\x5e\x54\xd3\xad\x72\x8b\xff\xf5\xb7\xbf\
\x85\x64\xdb\xec\x58\x0f\x1e\x14\x87\x05\xd4\x19\x0c\x9b\x57\x59\
\x3b\x31\xaf\x65\xdb\x7d\x0c\x3d\x35\x27\x23\x89\x27\xa8\x53\x82\
\xc9\x3b\xc8\xef\x1e\x3b\xa0\x8b\x6b\x41\xb8\x92\xfa\x80\xde\x57\
\x30\xb2\x29\xf1\x17\x0f\x35\xaf\x24\x16\x35\xda\xeb\xf8\x53\x87\
\x91\x63\x31\xde\xac\x49\x47\x1f\xbd\x17\x17\x45\x36\xd7\xee\xbc\
\xee\x48\x27\x95\xf2\x5a\x18\x28\x48\x3f\x28\xa9\x2e\xc8\xf6\x43\
\x30\x85\xae\x4c\xa7\xe4\x67\x64\x08\x0f\x14\xad\x96\x32\x06\x2f\
\x99\xc0\xca\x47\xb4\xa8\x67\x56\x3c\xf2\x20\x6d\x8e\x77\xe6\xf4\
\x99\x7c\x66\xfb\xe5\x57\x7e\x7e\xfc\x86\xe2\x83\xc8\x9f\xe3\xe5\
\xe4\xc4\x34\x8c\x31\x88\x4a\x55\x42\x92\x20\xb2\x5f\xd5\x6b\x1a\
\x3e\x5f\x74\xd1\x25\xf1\x5c\x88\xdc\x9c\x78\x0f\x5d\xcd\x16\x22\
\x9f\x52\x69\xf5\xc4\x92\x91\x12\xa8\xc8\x09\xf1\xcf\x33\x54\x51\
\x22\x75\x82\x78\xeb\xe8\xeb\x67\xef\xde\xbd\x63\x9b\xc0\x7f\xb3\
\x60\xb0\x99\x9f\x68\x70\xcb\xcf\x92\x05\xcd\x8d\x62\x5a\x80\xb3\
\xfd\x58\xa6\x55\x16\x7a\x6a\x54\xbf\xe8\x13\xae\x44\x06\xa5\xe8\
\xbc\x6c\xa9\x94\xc6\xe5\x10\x47\x22\x29\x18\xeb\x08\xf3\x4a\x5b\
\x0a\x4a\x03\xd2\xef\x67\x0c\xbd\x18\x14\x1f\x24\x81\x91\x8e\xb2\
\x81\x70\x18\x43\x25\xe8\x8b\xed\x85\x4f\x89\x37\x1d\x51\xf1\xae\
\x3b\xee\x38\x02\xe8\x0a\x87\xcc\x95\xc7\xcc\xd8\x59\xf1\xac\xaf\
\xf1\x9d\x06\x67\xdf\x8e\xf7\x28\x35\x2e\xcb\x97\xbf\x08\xa4\xa6\
\x60\xc2\x49\xb1\x5b\x94\xa1\x01\x15\xf3\x2e\x78\xe9\x9b\x6f\xfe\
\xef\xe3\x9f\x6c\x89\x76\x10\x4e\xaa\x3e\x4a\xa5\x7c\x4a\x90\xa1\
\x98\x59\x8b\x2a\xed\xed\xed\x63\xb3\xce\xa5\x0d\x00\x0b\x44\x2a\
\x47\x69\x0c\xa7\xc6\xcb\x74\x34\x6c\x41\x1c\xf8\xd2\x8f\x53\x46\
\x4a\x92\x6e\x50\x01\x0d\x80\x80\x61\x87\x3a\xc5\x00\xad\xfa\x57\
\xaa\x37\x59\xcb\x90\x60\x1a\x56\xc5\x0b\x91\x2b\x1f\xd0\x13\xad\
\x42\xdc\x96\xeb\xff\xfc\x2f\x26\x18\x96\x7c\xc0\xca\x94\x29\x53\
\x90\x63\x66\xfa\xa0\xb5\xb2\x55\xbc\x36\x10\xb1\x38\xbd\xa9\xa5\
\xba\xe1\x27\x20\x39\x2c\xa0\xac\xc8\x75\xe1\xdb\x44\x05\x6e\xb8\
\xe1\x86\xf1\x37\x52\x8b\xdd\xa8\xeb\xa8\x4c\xb6\xa1\xc5\xff\x7e\
\x2f\xd9\xd9\xbf\x74\xe9\xd2\x71\x31\x3b\x11\xae\x6c\xa0\xbb\xbc\
\x16\x26\x58\xd9\xf9\x97\xad\xeb\x39\x6f\xf1\x62\x24\x34\x5b\x60\
\x30\x95\x48\x1a\xc0\x65\xd8\x6f\xa5\x0c\x4f\xc7\xa8\x4e\x4e\xa9\
\xde\x85\xe8\xaa\xc9\xa7\x82\x35\x3e\xea\xd6\x53\x2a\xbd\x7c\xdc\
\xf1\xf3\xb8\xed\xb6\x1f\x1f\x01\xf4\x70\xcc\xe9\xb6\xbd\xc7\x01\
\xa6\xf6\xa8\x3f\x11\x30\x5b\x79\x36\xd9\x7a\xab\x55\xf7\x24\x0f\
\x75\xb3\x18\xbe\x9f\x52\x09\x71\xb2\xfd\xe1\x87\x1f\x9e\x58\x13\
\x9d\x77\x6c\x39\x38\x2d\x5b\xa9\xc1\x3f\x2c\x7b\x53\x3d\x29\xf7\
\xd0\x43\x0f\x8d\x3d\x66\x70\xd2\xae\x34\xfc\x79\x89\x5f\x4b\x11\
\xb2\xa3\xd0\xcc\x9f\x78\xec\x31\x34\xcc\x65\x70\xba\xb9\x06\xa5\
\x3a\xb2\x9f\x6b\x2f\x0e\xcf\xb9\xac\xca\xfa\xad\xc1\x7e\xd5\x4f\
\x56\xc4\x07\x3c\x2e\x27\x0a\x97\x3f\xf7\xdc\x73\xac\x5c\xb1\x62\
\xc2\xa3\xff\xc1\x03\x74\xb2\x1d\x7c\x73\x1a\xa0\x58\x4c\xf9\x1d\
\xe3\x8f\xc7\x7a\x5c\xa1\xe9\xe3\xf7\xde\x7b\x2f\xae\xb7\xff\xa8\
\x72\x40\x59\xfb\xbc\x50\x90\x64\x5b\xe6\xa2\x8b\x2e\x1a\x3f\xc7\
\x6b\x9b\x62\xb0\x66\x16\x43\x59\xd9\x06\x2b\xf1\xf9\xd9\x61\xb4\
\xfd\xc0\x8e\x9d\xe3\x12\xb7\x8d\xd1\xd3\x80\x63\xeb\x7c\x55\x12\
\xe5\xa1\x60\x0c\x21\xf7\x69\xa7\x9f\x06\x4e\x5f\x02\xfb\x5b\x94\
\x3c\xe0\x23\x83\x58\x19\xd6\xbc\xea\x5d\xca\x4e\x75\x44\x80\x59\
\x8b\x70\x03\xc6\x27\x4e\x19\xde\x4a\xc2\x3c\x4c\x14\xae\x3e\xe9\
\xa4\x93\x58\xb8\x70\xe1\x41\x19\xfe\xf7\xf2\xc0\x73\x73\xa8\x27\
\x55\x7c\x50\x4b\x72\x32\x6a\x76\xa3\xc3\x4f\xe0\x51\x11\xc2\xbe\
\x56\xea\xc6\xf5\xd7\x5f\x0f\x36\x99\xc2\x49\x3d\xe9\x2c\xa3\xd9\
\x03\x85\x09\xa9\x2f\x51\xce\x47\xc9\x80\x0c\x8c\xb0\x78\x29\x7f\
\xf7\xb8\x8f\x11\x13\x3a\x70\xfc\x4b\x3d\x75\x43\x91\x75\xfe\xad\
\x69\x4a\xd9\xd1\x55\xf5\xca\xcb\x2f\xb1\x7a\xf5\x6a\xbe\xf6\xcd\
\x6f\x6c\x79\x6b\xd5\x86\xad\xe9\xbe\x77\x67\x60\xfc\x53\x30\x32\
\x6b\xc4\x8f\xce\x48\xd5\xcf\x17\xc4\x89\xf9\xb5\x3f\x9a\x31\xa4\
\x2f\xe7\x40\x76\xe1\xcb\xfa\x54\xe8\xed\xb4\x9d\x3e\x03\xef\xee\
\xd5\x83\x7d\x3e\xc7\xa1\xff\xe1\xcd\x20\xc0\x2e\x98\x6f\x1a\x8f\
\x03\x1a\xfe\xee\xad\x83\xf6\x62\x41\x10\x50\xde\x98\x30\x52\x8f\
\xd2\x52\x4b\xba\xf1\xd3\x9f\xfe\x94\x6f\x7f\xfb\x3b\xf1\xb2\xf9\
\x88\x2a\x94\x33\x16\x9c\xc6\xf2\x17\x5f\x38\x04\xed\x03\xb4\xc8\
\x63\x8f\x3f\xce\x92\xc5\x8b\xc7\x5c\x6f\xe9\xd6\x80\x46\x02\xb3\
\x2a\x34\x3b\xb7\xae\x59\xb9\xe0\x82\x0b\x78\xf5\xd5\x57\xe3\xb3\
\x2d\x05\xcc\x82\x53\x8d\x7b\x73\x63\x0a\x1b\xfa\xf8\xed\x02\x59\
\x53\x3e\xf8\x36\x06\x70\xc1\x8b\x68\x53\x45\x8c\xc3\x88\x4a\xc6\
\xcf\x69\xca\x15\x29\xe6\xcb\xd4\x23\x62\xe1\x99\x67\xf2\xdc\xb3\
\xcf\x1e\x1a\xc2\x79\xa8\x01\xbd\x66\xed\x5a\x16\x7e\xf4\xa3\x4d\
\xef\x79\x67\xdb\x36\x7a\xba\xbb\x39\x52\xde\xe7\xc5\x39\x82\x78\
\x17\xca\x98\xcb\x7b\x75\x34\x98\x1c\xce\xdf\xd8\x3e\x52\x8e\x94\
\x43\xc1\x6d\x8f\x94\x23\xe5\x03\x53\xfe\x1f\x67\x2b\x9e\xba\xc9\
\x0d\x95\xf1\x00\x00\x00\x00\x49\x45\x4e\x44\xae\x42\x60\x82\
"

qt_resource_name = b"\
\x00\x06\
\x07\x03\x7d\xc3\
\x00\x69\
\x00\x6d\x00\x61\x00\x67\x00\x65\x00\x73\
\x00\x05\
\x00\x6f\xa6\x53\
\x00\x69\
\x00\x63\x00\x6f\x00\x6e\x00\x73\
\x00\x08\
\x08\xc8\x44\xbf\
\x00\x53\
\x00\x61\x00\x76\x00\x65\x00\x2e\x00\x69\x00\x63\x00\x6f\
\x00\x0b\
\x09\x9e\x5c\x7f\
\x00\x56\
\x00\x69\x00\x73\x00\x69\x00\x62\x00\x6c\x00\x65\x00\x2e\x00\x69\x00\x63\x00\x6f\
\x00\x0e\
\x00\xe3\xda\x1f\
\x00\x48\
\x00\x69\x00\x64\x00\x64\x00\x65\x00\x6e\x00\x4b\x00\x69\x00\x64\x00\x73\x00\x2e\x00\x69\x00\x63\x00\x6f\
\x00\x0a\
\x05\x99\xc5\xff\
\x00\x55\
\x00\x6e\x00\x6c\x00\x6f\x00\x63\x00\x6b\x00\x2e\x00\x69\x00\x63\x00\x6f\
\x00\x0a\
\x0a\xbc\xc2\x1f\
\x00\x4d\
\x00\x6f\x00\x76\x00\x65\x00\x54\x00\x6f\x00\x2e\x00\x69\x00\x63\x00\x6f\
\x00\x0a\
\x0a\xc8\x90\xdf\
\x00\x48\
\x00\x69\x00\x64\x00\x64\x00\x65\x00\x6e\x00\x2e\x00\x69\x00\x63\x00\x6f\
\x00\x0d\
\x00\x9f\xa2\x5f\
\x00\x43\
\x00\x6f\x00\x6d\x00\x70\x00\x6f\x00\x6e\x00\x65\x00\x6e\x00\x74\x00\x2e\x00\x69\x00\x63\x00\x6f\
\x00\x09\
\x08\x98\xd6\x9f\
\x00\x45\
\x00\x72\x00\x61\x00\x73\x00\x65\x00\x2e\x00\x69\x00\x63\x00\x6f\
\x00\x08\
\x05\x9e\x45\xff\
\x00\x4c\
\x00\x6f\x00\x63\x00\x6b\x00\x2e\x00\x69\x00\x63\x00\x6f\
\x00\x0c\
\x05\xf6\x1a\xbf\
\x00\x48\
\x00\x69\x00\x64\x00\x65\x00\x53\x00\x65\x00\x6c\x00\x66\x00\x2e\x00\x69\x00\x63\x00\x6f\
\x00\x10\
\x0c\x9e\x80\x5f\
\x00\x48\
\x00\x69\x00\x64\x00\x64\x00\x65\x00\x6e\x00\x4d\x00\x61\x00\x74\x00\x72\x00\x69\x00\x78\x00\x2e\x00\x69\x00\x63\x00\x6f\
\x00\x0a\
\x0e\xbb\x03\x7f\
\x00\x43\
\x00\x6f\x00\x70\x00\x79\x00\x54\x00\x6f\x00\x2e\x00\x69\x00\x63\x00\x6f\
\x00\x08\
\x06\x7c\x46\xdf\
\x00\x43\
\x00\x6f\x00\x70\x00\x79\x00\x2e\x00\x69\x00\x63\x00\x6f\
\x00\x0c\
\x05\x4a\xee\xbf\
\x00\x64\
\x00\x70\x00\x56\x00\x69\x00\x73\x00\x69\x00\x6f\x00\x6e\x00\x2e\x00\x69\x00\x63\x00\x6f\
\x00\x11\
\x0a\x23\x19\x1f\
\x00\x56\
\x00\x69\x00\x73\x00\x69\x00\x62\x00\x6c\x00\x65\x00\x4d\x00\x61\x00\x74\x00\x72\x00\x69\x00\x78\x00\x2e\x00\x69\x00\x63\x00\x6f\
\
\x00\x0f\
\x0c\x49\x67\x9f\
\x00\x56\
\x00\x69\x00\x73\x00\x69\x00\x62\x00\x6c\x00\x65\x00\x4b\x00\x69\x00\x64\x00\x73\x00\x2e\x00\x69\x00\x63\x00\x6f\
\x00\x0a\
\x0f\xd2\xc4\xdf\
\x00\x4d\
\x00\x6f\x00\x64\x00\x69\x00\x66\x00\x79\x00\x2e\x00\x69\x00\x63\x00\x6f\
\x00\x09\
\x0a\xa8\xe2\x9f\
\x00\x50\
\x00\x61\x00\x73\x00\x74\x00\x65\x00\x2e\x00\x69\x00\x63\x00\x6f\
\x00\x0c\
\x05\x4a\xf6\x67\
\x00\x64\
\x00\x70\x00\x56\x00\x69\x00\x73\x00\x69\x00\x6f\x00\x6e\x00\x2e\x00\x70\x00\x6e\x00\x67\
\x00\x09\
\x0b\x06\xb7\x47\
\x00\x69\
\x00\x69\x00\x74\x00\x69\x00\x73\x00\x2e\x00\x70\x00\x6e\x00\x67\
"

qt_resource_struct_v1 = b"\
\x00\x00\x00\x00\x00\x02\x00\x00\x00\x02\x00\x00\x00\x01\
\x00\x00\x00\x12\x00\x02\x00\x00\x00\x12\x00\x00\x00\x05\
\x00\x00\x00\x00\x00\x02\x00\x00\x00\x02\x00\x00\x00\x03\
\x00\x00\x02\x22\x00\x00\x00\x00\x00\x01\x00\x00\x80\x01\
\x00\x00\x02\x40\x00\x00\x00\x00\x00\x01\x00\x00\x82\xc4\
\x00\x00\x00\xc4\x00\x00\x00\x00\x00\x01\x00\x00\x31\x99\
\x00\x00\x00\x54\x00\x01\x00\x00\x00\x01\x00\x00\x13\xf4\
\x00\x00\x01\x86\x00\x01\x00\x00\x00\x01\x00\x00\x67\x91\
\x00\x00\x00\x76\x00\x00\x00\x00\x00\x01\x00\x00\x14\xab\
\x00\x00\x00\xfc\x00\x00\x00\x00\x00\x01\x00\x00\x40\x15\
\x00\x00\x01\x12\x00\x00\x00\x00\x00\x01\x00\x00\x4a\x0f\
\x00\x00\x01\x70\x00\x00\x00\x00\x00\x01\x00\x00\x5d\x97\
\x00\x00\x00\xe4\x00\x00\x00\x00\x00\x01\x00\x00\x3b\x93\
\x00\x00\x00\x22\x00\x00\x00\x00\x00\x01\x00\x00\x00\x00\
\x00\x00\x00\x38\x00\x00\x00\x00\x00\x01\x00\x00\x09\xfa\
\x00\x00\x01\xa4\x00\x01\x00\x00\x00\x01\x00\x00\x6b\x26\
\x00\x00\x02\x0a\x00\x00\x00\x00\x00\x01\x00\x00\x76\x07\
\x00\x00\x00\x90\x00\x00\x00\x00\x00\x01\x00\x00\x1e\xa5\
\x00\x00\x00\xaa\x00\x00\x00\x00\x00\x01\x00\x00\x27\x9f\
\x00\x00\x01\xcc\x00\x01\x00\x00\x00\x01\x00\x00\x6b\x7e\
\x00\x00\x01\x30\x00\x01\x00\x00\x00\x01\x00\x00\x54\x09\
\x00\x00\x01\x56\x00\x00\x00\x00\x00\x01\x00\x00\x54\x9d\
\x00\x00\x01\xf0\x00\x00\x00\x00\x00\x01\x00\x00\x6c\x0d\
"

qt_resource_struct_v2 = b"\
\x00\x00\x00\x00\x00\x02\x00\x00\x00\x02\x00\x00\x00\x01\
\x00\x00\x00\x00\x00\x00\x00\x00\
\x00\x00\x00\x12\x00\x02\x00\x00\x00\x12\x00\x00\x00\x05\
\x00\x00\x00\x00\x00\x00\x00\x00\
\x00\x00\x00\x00\x00\x02\x00\x00\x00\x02\x00\x00\x00\x03\
\x00\x00\x00\x00\x00\x00\x00\x00\
\x00\x00\x02\x22\x00\x00\x00\x00\x00\x01\x00\x00\x80\x01\
\x00\x00\x01\x8a\x19\x51\xb0\xec\
\x00\x00\x02\x40\x00\x00\x00\x00\x00\x01\x00\x00\x82\xc4\
\x00\x00\x01\x8a\x19\x51\xb0\xec\
\x00\x00\x00\xc4\x00\x00\x00\x00\x00\x01\x00\x00\x31\x99\
\x00\x00\x01\x8a\x19\x51\xaf\xe2\
\x00\x00\x00\x54\x00\x01\x00\x00\x00\x01\x00\x00\x13\xf4\
\x00\x00\x01\x8a\x19\x51\xaf\xe2\
\x00\x00\x01\x86\x00\x01\x00\x00\x00\x01\x00\x00\x67\x91\
\x00\x00\x01\x8a\x19\x51\xaf\xf2\
\x00\x00\x00\x76\x00\x00\x00\x00\x00\x01\x00\x00\x14\xab\
\x00\x00\x01\x8a\x19\x51\xaf\xe2\
\x00\x00\x00\xfc\x00\x00\x00\x00\x00\x01\x00\x00\x40\x15\
\x00\x00\x01\x8a\x19\x51\xaf\xe2\
\x00\x00\x01\x12\x00\x00\x00\x00\x00\x01\x00\x00\x4a\x0f\
\x00\x00\x01\x8a\x19\x51\xaf\xe2\
\x00\x00\x01\x70\x00\x00\x00\x00\x00\x01\x00\x00\x5d\x97\
\x00\x00\x01\x8a\x19\x51\xaf\xe2\
\x00\x00\x00\xe4\x00\x00\x00\x00\x00\x01\x00\x00\x3b\x93\
\x00\x00\x01\x8a\x19\x51\xaf\xe2\
\x00\x00\x00\x22\x00\x00\x00\x00\x00\x01\x00\x00\x00\x00\
\x00\x00\x01\x8a\x19\x51\xaf\xe2\
\x00\x00\x00\x38\x00\x00\x00\x00\x00\x01\x00\x00\x09\xfa\
\x00\x00\x01\x8a\x19\x51\xaf\xe2\
\x00\x00\x01\xa4\x00\x01\x00\x00\x00\x01\x00\x00\x6b\x26\
\x00\x00\x01\x8a\x19\x51\xaf\xf2\
\x00\x00\x02\x0a\x00\x00\x00\x00\x00\x01\x00\x00\x76\x07\
\x00\x00\x01\x8a\x19\x51\xaf\xe2\
\x00\x00\x00\x90\x00\x00\x00\x00\x00\x01\x00\x00\x1e\xa5\
\x00\x00\x01\x8a\x19\x51\xaf\xe2\
\x00\x00\x00\xaa\x00\x00\x00\x00\x00\x01\x00\x00\x27\x9f\
\x00\x00\x01\x8a\x19\x51\xaf\xe2\
\x00\x00\x01\xcc\x00\x01\x00\x00\x00\x01\x00\x00\x6b\x7e\
\x00\x00\x01\x8a\x19\x51\xaf\xe2\
\x00\x00\x01\x30\x00\x01\x00\x00\x00\x01\x00\x00\x54\x09\
\x00\x00\x01\x8a\x19\x51\xaf\xe2\
\x00\x00\x01\x56\x00\x00\x00\x00\x00\x01\x00\x00\x54\x9d\
\x00\x00\x01\x8a\x19\x51\xaf\xe2\
\x00\x00\x01\xf0\x00\x00\x00\x00\x00\x01\x00\x00\x6c\x0d\
\x00\x00\x01\x8a\x19\x51\xaf\xe2\
"

qt_version = [int(v) for v in QtCore.qVersion().split('.')]
if qt_version < [5, 8, 0]:
    rcc_version = 1
    qt_resource_struct = qt_resource_struct_v1
else:
    rcc_version = 2
    qt_resource_struct = qt_resource_struct_v2

def qInitResources():
    QtCore.qRegisterResourceData(rcc_version, qt_resource_struct, qt_resource_name, qt_resource_data)

def qCleanupResources():
    QtCore.qUnregisterResourceData(rcc_version, qt_resource_struct, qt_resource_name, qt_resource_data)

qInitResources()
